State,Region,Price,Date
AK,Aleutians East,,2024-11-23
AK,Juneau,$3.385,2024-11-23
AK,Kenai Peninsula,$3.421,2024-11-23
AK,Ketchikan Gateway,$3.579,2024-11-23
AK,Kodiak Island,$4.519,2024-11-23
AK,Matanuska Susitna,$3.303,2024-11-23
AK,Nome,,2024-11-23
AK,North Slope,,2024-11-23
AK,Northwest Arctic,,2024-11-23
AK,Lake and Peninsula,,2024-11-23
AK,Prince Wales Ketchikan,,2024-11-23
AK,Aleutians West,,2024-11-23
AK,Sitka,$4.464,2024-11-23
AK,Skagway Hoonah Angoon,,2024-11-23
AK,Southeast Fairbanks,$3.594,2024-11-23
AK,Valdez Cordova,$4.156,2024-11-23
AK,Wade Hampton,,2024-11-23
AK,Wrangell Petersburg,$4.449,2024-11-23
AK,Yakutat,,2024-11-23
AK,Yukon Koyukuk,$3.669,2024-11-23
AK,Anchorage,$3.550,2024-11-23
AK,Bethel,,2024-11-23
AK,Bristol Bay,,2024-11-23
AK,Denali,$3.369,2024-11-23
AK,Dillingham,,2024-11-23
AK,Fairbanks North Star,$3.410,2024-11-23
AK,Haines,,2024-11-23
AL,Autauga,$2.763,2024-11-23
AL,Cherokee,$2.834,2024-11-23
AL,Chilton,$2.823,2024-11-23
AL,Choctaw,$2.985,2024-11-23
AL,Clarke,$2.945,2024-11-23
AL,Clay,$2.868,2024-11-23
AL,Cleburne,$2.844,2024-11-23
AL,Coffee,$2.779,2024-11-23
AL,Colbert,$2.721,2024-11-23
AL,Conecuh,$2.928,2024-11-23
AL,Coosa,$2.814,2024-11-23
AL,Baldwin,$2.737,2024-11-23
AL,Covington,$2.827,2024-11-23
AL,Crenshaw,$2.855,2024-11-23
AL,Cullman,$2.781,2024-11-23
AL,Dale,$2.806,2024-11-23
AL,Dallas,$2.820,2024-11-23
AL,De Kalb,$2.710,2024-11-23
AL,Elmore,$2.750,2024-11-23
AL,Escambia,$2.759,2024-11-23
AL,Etowah,$2.740,2024-11-23
AL,Fayette,$2.868,2024-11-23
AL,Barbour,$2.799,2024-11-23
AL,Franklin,$2.721,2024-11-23
AL,Geneva,$2.918,2024-11-23
AL,Greene,$2.963,2024-11-23
AL,Hale,$2.814,2024-11-23
AL,Henry,$2.830,2024-11-23
AL,Houston,$2.797,2024-11-23
AL,Jackson,$2.769,2024-11-23
AL,Jefferson,$2.782,2024-11-23
AL,Lamar,$2.882,2024-11-23
AL,Lauderdale,$2.739,2024-11-23
AL,Bibb,$2.759,2024-11-23
AL,Lawrence,$2.714,2024-11-23
AL,Lee,$2.691,2024-11-23
AL,Limestone,$2.763,2024-11-23
AL,Lowndes,$2.782,2024-11-23
AL,Macon,$2.790,2024-11-23
AL,Madison,$2.790,2024-11-23
AL,Marengo,$2.834,2024-11-23
AL,Marion,$2.842,2024-11-23
AL,Marshall,$2.691,2024-11-23
AL,Mobile,$2.703,2024-11-23
AL,Blount,$2.785,2024-11-23
AL,Monroe,$2.931,2024-11-23
AL,Montgomery,$2.755,2024-11-23
AL,Morgan,$2.697,2024-11-23
AL,Perry,$3.024,2024-11-23
AL,Pickens,$2.866,2024-11-23
AL,Pike,$2.830,2024-11-23
AL,Randolph,$2.788,2024-11-23
AL,Russell,$2.733,2024-11-23
AL,Shelby,$2.718,2024-11-23
AL,Saint Clair,$2.745,2024-11-23
AL,Bullock,$2.893,2024-11-23
AL,Sumter,$3.014,2024-11-23
AL,Talladega,$2.759,2024-11-23
AL,Tallapoosa,$2.759,2024-11-23
AL,Tuscaloosa,$2.700,2024-11-23
AL,Walker,$2.772,2024-11-23
AL,Washington,$2.893,2024-11-23
AL,Wilcox,$3.047,2024-11-23
AL,Winston,$2.820,2024-11-23
AL,Butler,$2.813,2024-11-23
AL,Calhoun,$2.756,2024-11-23
AL,Chambers,$2.732,2024-11-23
AR,Arkansas,$2.706,2024-11-23
AR,Clark,$2.783,2024-11-23
AR,Clay,$2.686,2024-11-23
AR,Cleburne,$2.608,2024-11-23
AR,Cleveland,$2.799,2024-11-23
AR,Columbia,$2.889,2024-11-23
AR,Conway,$2.597,2024-11-23
AR,Craighead,$2.614,2024-11-23
AR,Crawford,$2.510,2024-11-23
AR,Crittenden,$2.734,2024-11-23
AR,Cross,$2.670,2024-11-23
AR,Ashley,$2.873,2024-11-23
AR,Dallas,$2.803,2024-11-23
AR,Desha,$2.862,2024-11-23
AR,Drew,$2.655,2024-11-23
AR,Faulkner,$2.607,2024-11-23
AR,Franklin,$2.583,2024-11-23
AR,Fulton,$2.744,2024-11-23
AR,Garland,$2.638,2024-11-23
AR,Grant,$2.711,2024-11-23
AR,Greene,$2.584,2024-11-23
AR,Hempstead,$2.758,2024-11-23
AR,Baxter,$2.695,2024-11-23
AR,Hot Spring,$2.539,2024-11-23
AR,Howard,$2.892,2024-11-23
AR,Independence,$2.623,2024-11-23
AR,Izard,$2.892,2024-11-23
AR,Jackson,$2.796,2024-11-23
AR,Jefferson,$2.699,2024-11-23
AR,Johnson,$2.561,2024-11-23
AR,Lafayette,$2.979,2024-11-23
AR,Lawrence,$2.642,2024-11-23
AR,Lee,$2.899,2024-11-23
AR,Benton,$2.567,2024-11-23
AR,Lincoln,$2.904,2024-11-23
AR,Little River,$2.786,2024-11-23
AR,Logan,$2.656,2024-11-23
AR,Lonoke,$2.640,2024-11-23
AR,Madison,$2.591,2024-11-23
AR,Marion,$2.747,2024-11-23
AR,Miller,$2.641,2024-11-23
AR,Mississippi,$2.789,2024-11-23
AR,Monroe,$2.657,2024-11-23
AR,Montgomery,$2.952,2024-11-23
AR,Boone,$2.807,2024-11-23
AR,Nevada,$2.820,2024-11-23
AR,Newton,$2.849,2024-11-23
AR,Ouachita,$2.723,2024-11-23
AR,Perry,$2.599,2024-11-23
AR,Phillips,$2.882,2024-11-23
AR,Pike,$2.721,2024-11-23
AR,Poinsett,$2.683,2024-11-23
AR,Polk,$2.800,2024-11-23
AR,Pope,$2.698,2024-11-23
AR,Prairie,$2.699,2024-11-23
AR,Bradley,$2.847,2024-11-23
AR,Pulaski,$2.657,2024-11-23
AR,Randolph,$2.622,2024-11-23
AR,Saline,$2.564,2024-11-23
AR,Scott,$2.748,2024-11-23
AR,Searcy,$2.662,2024-11-23
AR,Sebastian,$2.569,2024-11-23
AR,Sevier,$2.665,2024-11-23
AR,Sharp,$2.652,2024-11-23
AR,Saint Francis,$2.609,2024-11-23
AR,Stone,$2.672,2024-11-23
AR,Calhoun,$2.899,2024-11-23
AR,Union,$2.839,2024-11-23
AR,Van Buren,$2.668,2024-11-23
AR,Washington,$2.603,2024-11-23
AR,White,$2.548,2024-11-23
AR,Woodruff,$2.749,2024-11-23
AR,Yell,$2.812,2024-11-23
AR,Carroll,$2.940,2024-11-23
AR,Chicot,$2.846,2024-11-23
AZ,Apache,$3.155,2024-11-23
AZ,Navajo,$3.199,2024-11-23
AZ,Pima,$3.103,2024-11-23
AZ,Pinal,$3.056,2024-11-23
AZ,Santa Cruz,$3.275,2024-11-23
AZ,Yavapai,$3.270,2024-11-23
AZ,Yuma,$3.157,2024-11-23
AZ,Cochise,$3.229,2024-11-23
AZ,Coconino,$3.283,2024-11-23
AZ,Gila,$3.400,2024-11-23
AZ,Graham,$3.158,2024-11-23
AZ,Greenlee,$3.077,2024-11-23
AZ,La Paz,$3.024,2024-11-23
AZ,Maricopa,$3.275,2024-11-23
AZ,Mohave,$3.101,2024-11-23
CA,Alameda,$4.482,2024-11-23
CA,Fresno,$4.403,2024-11-23
CA,Glenn,$4.251,2024-11-23
CA,Humboldt,$5.101,2024-11-23
CA,Imperial,$4.382,2024-11-23
CA,Inyo,$4.633,2024-11-23
CA,Kern,$4.426,2024-11-23
CA,Kings,$4.248,2024-11-23
CA,Lake,$4.580,2024-11-23
CA,Lassen,$5.017,2024-11-23
CA,Los Angeles,$4.458,2024-11-23
CA,Alpine,,2024-11-23
CA,Madera,$4.439,2024-11-23
CA,Marin,$4.544,2024-11-23
CA,Mariposa,$4.524,2024-11-23
CA,Mendocino,$4.573,2024-11-23
CA,Merced,$4.308,2024-11-23
CA,Modoc,$4.595,2024-11-23
CA,Mono,$5.779,2024-11-23
CA,Monterey,$4.679,2024-11-23
CA,Napa,$4.596,2024-11-23
CA,Nevada,$4.865,2024-11-23
CA,Amador,$4.486,2024-11-23
CA,Orange,$4.387,2024-11-23
CA,Placer,$4.481,2024-11-23
CA,Plumas,$4.692,2024-11-23
CA,Riverside,$4.336,2024-11-23
CA,Sacramento,$4.340,2024-11-23
CA,San Benito,$4.602,2024-11-23
CA,San Bernardino,$4.376,2024-11-23
CA,San Diego,$4.536,2024-11-23
CA,San Francisco,$4.631,2024-11-23
CA,San Joaquin,$4.289,2024-11-23
CA,Butte,$4.315,2024-11-23
CA,San Luis Obispo,$4.730,2024-11-23
CA,San Mateo,$4.642,2024-11-23
CA,Santa Barbara,$4.483,2024-11-23
CA,Santa Clara,$4.419,2024-11-23
CA,Santa Cruz,$4.724,2024-11-23
CA,Shasta,$4.175,2024-11-23
CA,Sierra,$4.999,2024-11-23
CA,Siskiyou,$4.618,2024-11-23
CA,Solano,$4.401,2024-11-23
CA,Sonoma,$4.693,2024-11-23
CA,Calaveras,$4.387,2024-11-23
CA,Stanislaus,$4.180,2024-11-23
CA,Sutter,$4.336,2024-11-23
CA,Tehama,$4.192,2024-11-23
CA,Trinity,$4.956,2024-11-23
CA,Tulare,$4.371,2024-11-23
CA,Tuolumne,$4.418,2024-11-23
CA,Ventura,$4.563,2024-11-23
CA,Yolo,$4.333,2024-11-23
CA,Yuba,$4.159,2024-11-23
CA,Colusa,$4.606,2024-11-23
CA,Contra Costa,$4.488,2024-11-23
CA,Del Norte,$4.473,2024-11-23
CA,El Dorado,$4.506,2024-11-23
CO,Adams,$2.709,2024-11-23
CO,Cheyenne,$2.999,2024-11-23
CO,Clear Creek,$3.413,2024-11-23
CO,Conejos,$3.166,2024-11-23
CO,Costilla,,2024-11-23
CO,Crowley,$3.239,2024-11-23
CO,Custer,$3.199,2024-11-23
CO,Delta,$3.162,2024-11-23
CO,Denver,$2.818,2024-11-23
CO,Dolores,,2024-11-23
CO,Douglas,$2.958,2024-11-23
CO,Alamosa,$3.237,2024-11-23
CO,Eagle,$3.650,2024-11-23
CO,El Paso,$2.734,2024-11-23
CO,Elbert,$3.016,2024-11-23
CO,Fremont,$2.835,2024-11-23
CO,Garfield,$3.520,2024-11-23
CO,Gilpin,$3.599,2024-11-23
CO,Grand,$3.691,2024-11-23
CO,Gunnison,$3.435,2024-11-23
CO,Hinsdale,,2024-11-23
CO,Huerfano,$2.890,2024-11-23
CO,Arapahoe,$2.687,2024-11-23
CO,Jackson,,2024-11-23
CO,Jefferson,$2.848,2024-11-23
CO,Kiowa,$2.706,2024-11-23
CO,Kit Carson,$2.820,2024-11-23
CO,La Plata,$3.163,2024-11-23
CO,Lake,$3.526,2024-11-23
CO,Larimer,$2.813,2024-11-23
CO,Las Animas,$2.972,2024-11-23
CO,Lincoln,$2.865,2024-11-23
CO,Logan,$3.182,2024-11-23
CO,Archuleta,$3.294,2024-11-23
CO,Mesa,$3.040,2024-11-23
CO,Mineral,$3.299,2024-11-23
CO,Moffat,$3.679,2024-11-23
CO,Montezuma,$3.336,2024-11-23
CO,Montrose,$3.187,2024-11-23
CO,Morgan,$3.241,2024-11-23
CO,Otero,$3.269,2024-11-23
CO,Ouray,,2024-11-23
CO,Park,$3.479,2024-11-23
CO,Phillips,$3.416,2024-11-23
CO,Baca,$2.991,2024-11-23
CO,Pitkin,$4.423,2024-11-23
CO,Prowers,$2.717,2024-11-23
CO,Pueblo,$2.959,2024-11-23
CO,Rio Blanco,$3.584,2024-11-23
CO,Rio Grande,$3.198,2024-11-23
CO,Routt,$3.726,2024-11-23
CO,Saguache,$3.419,2024-11-23
CO,San Juan,,2024-11-23
CO,San Miguel,$3.696,2024-11-23
CO,Sedgwick,$2.886,2024-11-23
CO,Bent,$3.109,2024-11-23
CO,Summit,$3.581,2024-11-23
CO,Teller,$3.065,2024-11-23
CO,Washington,$3.133,2024-11-23
CO,Weld,$2.701,2024-11-23
CO,Yuma,$3.146,2024-11-23
CO,Boulder,$3.012,2024-11-23
CO,Broomfield,$2.661,2024-11-23
CO,Chaffee,$3.344,2024-11-23
CT,Fairfield,$3.128,2024-11-23
CT,Hartford,$3.047,2024-11-23
CT,Litchfield,$3.032,2024-11-23
CT,Middlesex,$3.049,2024-11-23
CT,New Haven,$3.041,2024-11-23
CT,New London,$3.030,2024-11-23
CT,Tolland,$2.999,2024-11-23
CT,Windham,$3.044,2024-11-23
DE,Kent,$3.088,2024-11-23
DE,New castle,$3.011,2024-11-23
DE,Sussex,$3.080,2024-11-23
FL,Alachua,$3.146,2024-11-23
FL,Clay,$3.092,2024-11-23
FL,Collier,$3.180,2024-11-23
FL,Columbia,$3.097,2024-11-23
FL,De Soto,$3.140,2024-11-23
FL,Dixie,$3.086,2024-11-23
FL,Duval,$3.044,2024-11-23
FL,Escambia,$2.866,2024-11-23
FL,Flagler,$3.136,2024-11-23
FL,Franklin,$3.030,2024-11-23
FL,Gadsden,$2.956,2024-11-23
FL,Baker,$3.061,2024-11-23
FL,Gilchrist,$3.111,2024-11-23
FL,Glades,$3.169,2024-11-23
FL,Gulf,$2.877,2024-11-23
FL,Hamilton,$3.046,2024-11-23
FL,Hardee,$3.174,2024-11-23
FL,Hendry,$3.179,2024-11-23
FL,Hernando,$3.099,2024-11-23
FL,Highlands,$3.081,2024-11-23
FL,Hillsborough,$3.121,2024-11-23
FL,Holmes,$3.020,2024-11-23
FL,Bay,$2.756,2024-11-23
FL,Indian River,$3.083,2024-11-23
FL,Jackson,$2.902,2024-11-23
FL,Jefferson,$3.141,2024-11-23
FL,Lafayette,$3.152,2024-11-23
FL,Lake,$3.094,2024-11-23
FL,Lee,$3.127,2024-11-23
FL,Leon,$3.038,2024-11-23
FL,Levy,$3.179,2024-11-23
FL,Liberty,$2.999,2024-11-23
FL,Madison,$3.130,2024-11-23
FL,Bradford,$3.057,2024-11-23
FL,Manatee,$3.091,2024-11-23
FL,Marion,$3.104,2024-11-23
FL,Martin,$3.126,2024-11-23
FL,Miami Dade,$3.161,2024-11-23
FL,Monroe,$3.260,2024-11-23
FL,Nassau,$3.116,2024-11-23
FL,Okaloosa,$2.742,2024-11-23
FL,Okeechobee,$3.109,2024-11-23
FL,Orange,$3.116,2024-11-23
FL,Osceola,$3.143,2024-11-23
FL,Brevard,$3.091,2024-11-23
FL,Palm Beach,$3.240,2024-11-23
FL,Pasco,$3.098,2024-11-23
FL,Pinellas,$3.100,2024-11-23
FL,Polk,$3.105,2024-11-23
FL,Putnam,$3.113,2024-11-23
FL,Santa Rosa,$2.865,2024-11-23
FL,Sarasota,$3.122,2024-11-23
FL,Seminole,$3.116,2024-11-23
FL,Saint Johns,$3.116,2024-11-23
FL,Saint Lucie,$3.057,2024-11-23
FL,Broward,$3.084,2024-11-23
FL,Sumter,$3.101,2024-11-23
FL,Suwannee,$3.185,2024-11-23
FL,Taylor,$2.974,2024-11-23
FL,Union,$3.172,2024-11-23
FL,Volusia,$3.100,2024-11-23
FL,Wakulla,$3.085,2024-11-23
FL,Walton,$2.809,2024-11-23
FL,Washington,$2.974,2024-11-23
FL,Calhoun,$3.019,2024-11-23
FL,Charlotte,$3.075,2024-11-23
FL,Citrus,$3.141,2024-11-23
GA,Appling,$2.852,2024-11-23
GA,Baker,$2.979,2024-11-23
GA,Miller,$2.979,2024-11-23
GA,Morgan,$2.922,2024-11-23
GA,Monroe,$3.006,2024-11-23
GA,Marion,$2.999,2024-11-23
GA,Muscogee,$2.866,2024-11-23
GA,Mitchell,$3.051,2024-11-23
GA,Murray,$2.845,2024-11-23
GA,Newton,$2.911,2024-11-23
GA,Oconee,$2.962,2024-11-23
GA,Oglethorpe,$3.029,2024-11-23
GA,Bleckley,$3.017,2024-11-23
GA,Peach,$2.973,2024-11-23
GA,Pickens,$2.958,2024-11-23
GA,Paulding,$2.925,2024-11-23
GA,Pierce,$3.011,2024-11-23
GA,Pike,$3.000,2024-11-23
GA,Pulaski,$2.945,2024-11-23
GA,Polk,$2.918,2024-11-23
GA,Putnam,$2.912,2024-11-23
GA,Quitman,$2.774,2024-11-23
GA,Randolph,$2.919,2024-11-23
GA,Banks,$2.926,2024-11-23
GA,Rabun,$2.963,2024-11-23
GA,Richmond,$2.892,2024-11-23
GA,Rockdale,$2.921,2024-11-23
GA,Schley,$2.814,2024-11-23
GA,Stephens,$2.762,2024-11-23
GA,Seminole,$2.921,2024-11-23
GA,Spalding,$3.000,2024-11-23
GA,Screven,$2.906,2024-11-23
GA,Stewart,$3.054,2024-11-23
GA,Sumter,$2.849,2024-11-23
GA,Brooks,$3.076,2024-11-23
GA,Taliaferro,$3.019,2024-11-23
GA,Talbot,$3.049,2024-11-23
GA,Treutlen,$2.981,2024-11-23
GA,Telfair,$2.993,2024-11-23
GA,Thomas,$2.916,2024-11-23
GA,Tift,$2.942,2024-11-23
GA,Terrell,$2.875,2024-11-23
GA,Toombs,$2.938,2024-11-23
GA,Towns,$2.897,2024-11-23
GA,Troup,$2.915,2024-11-23
GA,Bryan,$2.976,2024-11-23
GA,Tattnall,$3.007,2024-11-23
GA,Turner,$2.894,2024-11-23
GA,Twiggs,$2.999,2024-11-23
GA,Taylor,$2.842,2024-11-23
GA,Union,$2.902,2024-11-23
GA,Upson,$2.929,2024-11-23
GA,Ware,$2.921,2024-11-23
GA,Wilcox,$2.949,2024-11-23
GA,Wheeler,$3.009,2024-11-23
GA,Washington,$2.795,2024-11-23
GA,Butts,$3.007,2024-11-23
GA,Whitfield,$2.833,2024-11-23
GA,Wilkinson,$2.900,2024-11-23
GA,Walker,$2.795,2024-11-23
GA,Wilkes,$2.915,2024-11-23
GA,Walton,$2.892,2024-11-23
GA,Worth,$2.989,2024-11-23
GA,Warren,$3.022,2024-11-23
GA,Webster,$2.949,2024-11-23
GA,White,$2.914,2024-11-23
GA,Wayne,$2.903,2024-11-23
GA,Bartow,$2.919,2024-11-23
GA,Burke,$2.886,2024-11-23
GA,Barrow,$2.889,2024-11-23
GA,Chatham,$2.960,2024-11-23
GA,Atkinson,$2.989,2024-11-23
GA,Cobb,$2.962,2024-11-23
GA,Chattahoochee,$2.999,2024-11-23
GA,Crawford,$3.066,2024-11-23
GA,Cherokee,$2.927,2024-11-23
GA,Coffee,$2.953,2024-11-23
GA,Chattooga,$2.763,2024-11-23
GA,Charlton,$2.944,2024-11-23
GA,Clinch,$2.911,2024-11-23
GA,Clarke,$2.933,2024-11-23
GA,Calhoun,$2.999,2024-11-23
GA,Bacon,$3.036,2024-11-23
GA,Camden,$2.878,2024-11-23
GA,Candler,$3.012,2024-11-23
GA,Cook,$3.037,2024-11-23
GA,Crisp,$2.779,2024-11-23
GA,Colquitt,$2.847,2024-11-23
GA,Carroll,$2.907,2024-11-23
GA,Catoosa,$2.710,2024-11-23
GA,Clayton,$2.938,2024-11-23
GA,Columbia,$2.867,2024-11-23
GA,Coweta,$2.946,2024-11-23
GA,Bibb,$2.945,2024-11-23
GA,Clay,$2.999,2024-11-23
GA,Dade,$2.733,2024-11-23
GA,Decatur,$2.791,2024-11-23
GA,Douglas,$2.923,2024-11-23
GA,DeKalb,$2.958,2024-11-23
GA,Dooly,$2.921,2024-11-23
GA,Dodge,$2.888,2024-11-23
GA,Dougherty,$2.856,2024-11-23
GA,Dawson,$2.929,2024-11-23
GA,Early,$3.021,2024-11-23
GA,Bulloch,$2.835,2024-11-23
GA,Echols,$2.999,2024-11-23
GA,Effingham,$2.921,2024-11-23
GA,Elbert,$2.798,2024-11-23
GA,Emanuel,$3.108,2024-11-23
GA,Evans,$2.912,2024-11-23
GA,Fannin,$2.927,2024-11-23
GA,Floyd,$2.875,2024-11-23
GA,Forsyth,$2.962,2024-11-23
GA,Franklin,$2.956,2024-11-23
GA,Fulton,$3.076,2024-11-23
GA,Baldwin,$2.817,2024-11-23
GA,Fayette,$2.998,2024-11-23
GA,Greene,$3.028,2024-11-23
GA,Gilmer,$2.884,2024-11-23
GA,Glascock,$2.844,2024-11-23
GA,Gordon,$2.862,2024-11-23
GA,Grady,$2.978,2024-11-23
GA,Gwinnett,$2.922,2024-11-23
GA,Glynn,$2.889,2024-11-23
GA,Habersham,$2.851,2024-11-23
GA,Heard,$3.182,2024-11-23
GA,Brantley,$2.913,2024-11-23
GA,Harris,$3.001,2024-11-23
GA,Hall,$2.893,2024-11-23
GA,Hancock,$3.049,2024-11-23
GA,Houston,$2.905,2024-11-23
GA,Haralson,$2.821,2024-11-23
GA,Hart,$2.765,2024-11-23
GA,Henry,$2.928,2024-11-23
GA,Irwin,$3.049,2024-11-23
GA,Jackson,$2.924,2024-11-23
GA,Jeff Davis,$2.903,2024-11-23
GA,Ben Hill,$2.881,2024-11-23
GA,Jefferson,$2.949,2024-11-23
GA,Jenkins,$2.866,2024-11-23
GA,Jones,$2.985,2024-11-23
GA,Johnson,$2.899,2024-11-23
GA,Jasper,$2.979,2024-11-23
GA,Lamar,$2.947,2024-11-23
GA,Lincoln,$2.917,2024-11-23
GA,Lee,$2.899,2024-11-23
GA,Liberty,$2.941,2024-11-23
GA,Lanier,$2.957,2024-11-23
GA,Berrien,$2.938,2024-11-23
GA,Long,$2.955,2024-11-23
GA,Lumpkin,$2.967,2024-11-23
GA,Laurens,$2.859,2024-11-23
GA,Lowndes,$2.942,2024-11-23
GA,Macon,$2.991,2024-11-23
GA,Mcduffie,$2.922,2024-11-23
GA,Madison,$2.910,2024-11-23
GA,Meriwether,$2.948,2024-11-23
GA,Montgomery,$3.043,2024-11-23
GA,Mcintosh,$3.006,2024-11-23
HI,Hawaii,$4.760,2024-11-23
HI,Honolulu,$4.477,2024-11-23
HI,Kalawao,,2024-11-23
HI,Kauai,$5.177,2024-11-23
HI,Maui,$4.622,2024-11-23
IA,Adair,$2.821,2024-11-23
IA,Buchanan,$2.909,2024-11-23
IA,Buena Vista,$2.681,2024-11-23
IA,Butler,$2.907,2024-11-23
IA,Calhoun,$2.735,2024-11-23
IA,Carroll,$2.839,2024-11-23
IA,Cass,$2.766,2024-11-23
IA,Cedar,$2.918,2024-11-23
IA,Cerro Gordo,$2.866,2024-11-23
IA,Cherokee,$2.684,2024-11-23
IA,Chickasaw,$2.949,2024-11-23
IA,Adams,$2.749,2024-11-23
IA,Clarke,$2.659,2024-11-23
IA,Clay,$2.874,2024-11-23
IA,Clayton,$2.939,2024-11-23
IA,Clinton,$2.879,2024-11-23
IA,Crawford,$2.707,2024-11-23
IA,Dallas,$2.649,2024-11-23
IA,Davis,$2.736,2024-11-23
IA,Decatur,$2.732,2024-11-23
IA,Delaware,$2.886,2024-11-23
IA,Des Moines,$2.834,2024-11-23
IA,Allamakee,$2.936,2024-11-23
IA,Dickinson,$2.720,2024-11-23
IA,Dubuque,$2.934,2024-11-23
IA,Emmet,$2.815,2024-11-23
IA,Fayette,$2.831,2024-11-23
IA,Floyd,$2.870,2024-11-23
IA,Franklin,$3.039,2024-11-23
IA,Fremont,$2.716,2024-11-23
IA,Greene,$2.785,2024-11-23
IA,Grundy,$2.888,2024-11-23
IA,Guthrie,$2.755,2024-11-23
IA,Appanoose,$2.780,2024-11-23
IA,Hamilton,$2.850,2024-11-23
IA,Hancock,$2.899,2024-11-23
IA,Hardin,$2.907,2024-11-23
IA,Harrison,$2.745,2024-11-23
IA,Henry,$2.547,2024-11-23
IA,Howard,$2.842,2024-11-23
IA,Humboldt,$2.861,2024-11-23
IA,Ida,$2.679,2024-11-23
IA,Iowa,$2.846,2024-11-23
IA,Jackson,$2.927,2024-11-23
IA,Audubon,$2.811,2024-11-23
IA,Jasper,$2.639,2024-11-23
IA,Jefferson,$2.847,2024-11-23
IA,Johnson,$2.860,2024-11-23
IA,Jones,$2.919,2024-11-23
IA,Keokuk,$2.799,2024-11-23
IA,Kossuth,$2.869,2024-11-23
IA,Lee,$2.875,2024-11-23
IA,Linn,$2.827,2024-11-23
IA,Louisa,$2.856,2024-11-23
IA,Lucas,$2.729,2024-11-23
IA,Benton,$2.778,2024-11-23
IA,Lyon,$2.732,2024-11-23
IA,Madison,$2.723,2024-11-23
IA,Mahaska,$2.787,2024-11-23
IA,Marion,$2.757,2024-11-23
IA,Marshall,$2.816,2024-11-23
IA,Mills,$2.672,2024-11-23
IA,Mitchell,$2.891,2024-11-23
IA,Monona,$2.557,2024-11-23
IA,Monroe,$2.794,2024-11-23
IA,Montgomery,$2.642,2024-11-23
IA,Black Hawk,$2.858,2024-11-23
IA,Muscatine,$2.754,2024-11-23
IA,O'Brien,,2024-11-23
IA,Osceola,$2.709,2024-11-23
IA,Page,$2.734,2024-11-23
IA,Palo Alto,$2.799,2024-11-23
IA,Plymouth,$2.544,2024-11-23
IA,Pocahontas,$2.769,2024-11-23
IA,Polk,$2.582,2024-11-23
IA,Pottawattamie,$2.660,2024-11-23
IA,Poweshiek,$2.872,2024-11-23
IA,Boone,$2.813,2024-11-23
IA,Ringgold,$2.759,2024-11-23
IA,Sac,$2.795,2024-11-23
IA,Scott,$2.822,2024-11-23
IA,Shelby,$2.839,2024-11-23
IA,Sioux,$2.598,2024-11-23
IA,Story,$2.780,2024-11-23
IA,Tama,$2.921,2024-11-23
IA,Taylor,$2.774,2024-11-23
IA,Union,$2.780,2024-11-23
IA,Van Buren,$2.881,2024-11-23
IA,Bremer,$2.935,2024-11-23
IA,Wapello,$2.667,2024-11-23
IA,Warren,$2.579,2024-11-23
IA,Washington,$2.860,2024-11-23
IA,Wayne,$2.762,2024-11-23
IA,Webster,$2.831,2024-11-23
IA,Winnebago,$2.882,2024-11-23
IA,Winneshiek,$3.018,2024-11-23
IA,Woodbury,$2.507,2024-11-23
IA,Worth,$2.719,2024-11-23
IA,Wright,$2.884,2024-11-23
ID,Ada,$3.003,2024-11-23
ID,Bonneville,$2.981,2024-11-23
ID,Boundary,$3.016,2024-11-23
ID,Butte,$3.182,2024-11-23
ID,Camas,$3.399,2024-11-23
ID,Canyon,$3.106,2024-11-23
ID,Caribou,$3.369,2024-11-23
ID,Cassia,$3.077,2024-11-23
ID,Clark,$3.499,2024-11-23
ID,Clearwater,$3.249,2024-11-23
ID,Custer,$3.359,2024-11-23
ID,Adams,$3.472,2024-11-23
ID,Elmore,$3.142,2024-11-23
ID,Franklin,$3.047,2024-11-23
ID,Fremont,$3.521,2024-11-23
ID,Gem,$3.196,2024-11-23
ID,Gooding,$3.148,2024-11-23
ID,Idaho,$3.521,2024-11-23
ID,Jefferson,$3.117,2024-11-23
ID,Jerome,$3.070,2024-11-23
ID,Kootenai,$2.935,2024-11-23
ID,Latah,$3.326,2024-11-23
ID,Bannock,$3.199,2024-11-23
ID,Lemhi,$3.159,2024-11-23
ID,Lewis,$3.259,2024-11-23
ID,Lincoln,$3.199,2024-11-23
ID,Madison,$3.058,2024-11-23
ID,Minidoka,$3.068,2024-11-23
ID,Nez perce,$3.289,2024-11-23
ID,Oneida,$3.194,2024-11-23
ID,Owyhee,$3.175,2024-11-23
ID,Payette,$3.248,2024-11-23
ID,Power,$3.177,2024-11-23
ID,Bear Lake,$3.287,2024-11-23
ID,Shoshone,$3.431,2024-11-23
ID,Teton,$3.317,2024-11-23
ID,Twin falls,$3.123,2024-11-23
ID,Valley,$3.509,2024-11-23
ID,Washington,$3.289,2024-11-23
ID,Benewah,$3.122,2024-11-23
ID,Bingham,$3.035,2024-11-23
ID,Blaine,$3.499,2024-11-23
ID,Boise,$3.219,2024-11-23
ID,Bonner,$3.181,2024-11-23
IL,Adams,$3.077,2024-11-23
IL,Champaign,$3.057,2024-11-23
IL,Williamson,$2.898,2024-11-23
IL,Winnebago,$3.172,2024-11-23
IL,Woodford,$3.054,2024-11-23
IL,Christian,$3.023,2024-11-23
IL,Clark,$2.967,2024-11-23
IL,Clay,$3.082,2024-11-23
IL,Clinton,$3.162,2024-11-23
IL,Coles,$2.900,2024-11-23
IL,Cook,$3.398,2024-11-23
IL,Crawford,$2.898,2024-11-23
IL,Cumberland,$2.977,2024-11-23
IL,Dewitt,$2.962,2024-11-23
IL,Alexander,$3.499,2024-11-23
IL,De Kalb,$3.164,2024-11-23
IL,Douglas,$2.915,2024-11-23
IL,Du Page,$3.217,2024-11-23
IL,Edgar,$2.973,2024-11-23
IL,Edwards,$2.992,2024-11-23
IL,Effingham,$2.911,2024-11-23
IL,Fayette,$3.077,2024-11-23
IL,Ford,$3.148,2024-11-23
IL,Franklin,$2.929,2024-11-23
IL,Fulton,$3.062,2024-11-23
IL,Bond,$3.028,2024-11-23
IL,Gallatin,$2.949,2024-11-23
IL,Greene,$3.143,2024-11-23
IL,Grundy,$3.075,2024-11-23
IL,Hamilton,$3.039,2024-11-23
IL,Hancock,$3.324,2024-11-23
IL,Hardin,$3.059,2024-11-23
IL,Henderson,$3.189,2024-11-23
IL,Henry,$3.218,2024-11-23
IL,Iroquois,$3.032,2024-11-23
IL,Jackson,$3.089,2024-11-23
IL,Boone,$3.166,2024-11-23
IL,Jasper,$2.889,2024-11-23
IL,Jefferson,$3.041,2024-11-23
IL,Jersey,$3.174,2024-11-23
IL,Jo Daviess,$3.217,2024-11-23
IL,Johnson,$2.999,2024-11-23
IL,Kane,$3.108,2024-11-23
IL,Kankakee,$2.954,2024-11-23
IL,Kendall,$3.128,2024-11-23
IL,Knox,$3.046,2024-11-23
IL,La Salle,$3.044,2024-11-23
IL,Brown,$2.986,2024-11-23
IL,Lake,$3.117,2024-11-23
IL,Lawrence,$2.943,2024-11-23
IL,Lee,$3.201,2024-11-23
IL,Livingston,$3.146,2024-11-23
IL,Logan,$3.245,2024-11-23
IL,Macon,$2.938,2024-11-23
IL,Macoupin,$3.054,2024-11-23
IL,Madison,$3.066,2024-11-23
IL,Marion,$2.986,2024-11-23
IL,Marshall,$3.262,2024-11-23
IL,Bureau,$3.217,2024-11-23
IL,Mason,$3.180,2024-11-23
IL,Massac,$3.079,2024-11-23
IL,McDonough,$2.956,2024-11-23
IL,McHenry,$3.089,2024-11-23
IL,McLean,$3.039,2024-11-23
IL,Menard,$3.002,2024-11-23
IL,Mercer,$3.345,2024-11-23
IL,Monroe,$3.379,2024-11-23
IL,Montgomery,$3.055,2024-11-23
IL,Morgan,$3.015,2024-11-23
IL,Calhoun,$3.199,2024-11-23
IL,Moultrie,$2.985,2024-11-23
IL,Ogle,$3.103,2024-11-23
IL,Peoria,$3.247,2024-11-23
IL,Perry,$3.116,2024-11-23
IL,Piatt,$3.089,2024-11-23
IL,Pike,$3.170,2024-11-23
IL,Pope,$3.199,2024-11-23
IL,Pulaski,$3.479,2024-11-23
IL,Putnam,$3.129,2024-11-23
IL,Randolph,$3.228,2024-11-23
IL,Carroll,$3.288,2024-11-23
IL,Richland,$2.857,2024-11-23
IL,Rock Island,$3.172,2024-11-23
IL,Saline,$2.916,2024-11-23
IL,Sangamon,$2.959,2024-11-23
IL,Schuyler,$2.883,2024-11-23
IL,Scott,$2.999,2024-11-23
IL,Shelby,$2.927,2024-11-23
IL,Saint Clair,$3.276,2024-11-23
IL,Stark,$3.282,2024-11-23
IL,Stephenson,$3.279,2024-11-23
IL,Cass,$3.065,2024-11-23
IL,Tazewell,$3.097,2024-11-23
IL,Union,$3.049,2024-11-23
IL,Vermilion,$3.068,2024-11-23
IL,Wabash,$2.986,2024-11-23
IL,Warren,$2.992,2024-11-23
IL,Washington,$3.116,2024-11-23
IL,Wayne,$2.994,2024-11-23
IL,White,$3.103,2024-11-23
IL,Whiteside,$3.260,2024-11-23
IL,Will,$3.139,2024-11-23
IN,Adams,$2.948,2024-11-23
IN,Clark,$2.900,2024-11-23
IN,Clay,$3.052,2024-11-23
IN,Clinton,$2.935,2024-11-23
IN,Crawford,$3.049,2024-11-23
IN,Daviess,$3.118,2024-11-23
IN,De Kalb,$2.877,2024-11-23
IN,Dearborn,$2.934,2024-11-23
IN,Decatur,$2.791,2024-11-23
IN,Delaware,$2.856,2024-11-23
IN,Dubois,$2.889,2024-11-23
IN,Allen,$2.793,2024-11-23
IN,Elkhart,$2.862,2024-11-23
IN,Fayette,$2.967,2024-11-23
IN,Floyd,$2.906,2024-11-23
IN,Fountain,$3.011,2024-11-23
IN,Franklin,$2.990,2024-11-23
IN,Fulton,$3.059,2024-11-23
IN,Gibson,$2.948,2024-11-23
IN,Grant,$2.836,2024-11-23
IN,Greene,$2.940,2024-11-23
IN,Hamilton,$2.946,2024-11-23
IN,Bartholomew,$2.936,2024-11-23
IN,Hancock,$2.773,2024-11-23
IN,Harrison,$2.968,2024-11-23
IN,Hendricks,$2.911,2024-11-23
IN,Henry,$2.835,2024-11-23
IN,Howard,$2.924,2024-11-23
IN,Huntington,$2.953,2024-11-23
IN,Jackson,$2.814,2024-11-23
IN,Jasper,$3.059,2024-11-23
IN,Jay,$2.985,2024-11-23
IN,Jefferson,$2.861,2024-11-23
IN,Benton,$3.073,2024-11-23
IN,Jennings,$3.040,2024-11-23
IN,Johnson,$2.872,2024-11-23
IN,Knox,$2.826,2024-11-23
IN,Kosciusko,$2.901,2024-11-23
IN,La Porte,$3.161,2024-11-23
IN,Lagrange,$2.911,2024-11-23
IN,Lake,$3.140,2024-11-23
IN,Lawrence,$2.942,2024-11-23
IN,Madison,$2.843,2024-11-23
IN,Marion,$2.864,2024-11-23
IN,Blackford,$2.937,2024-11-23
IN,Marshall,$2.900,2024-11-23
IN,Martin,$2.906,2024-11-23
IN,Miami,$2.942,2024-11-23
IN,Monroe,$2.917,2024-11-23
IN,Montgomery,$2.893,2024-11-23
IN,Morgan,$2.917,2024-11-23
IN,Newton,$2.898,2024-11-23
IN,Noble,$2.826,2024-11-23
IN,Ohio,$2.932,2024-11-23
IN,Orange,$2.812,2024-11-23
IN,Boone,$2.910,2024-11-23
IN,Owen,$3.018,2024-11-23
IN,Parke,$2.903,2024-11-23
IN,Perry,$2.920,2024-11-23
IN,Pike,$2.897,2024-11-23
IN,Porter,$3.170,2024-11-23
IN,Posey,$2.768,2024-11-23
IN,Pulaski,$3.143,2024-11-23
IN,Putnam,$3.227,2024-11-23
IN,Randolph,$2.977,2024-11-23
IN,Ripley,$2.928,2024-11-23
IN,Brown,$3.059,2024-11-23
IN,Rush,$2.932,2024-11-23
IN,Scott,$2.677,2024-11-23
IN,Shelby,$2.843,2024-11-23
IN,Spencer,$3.035,2024-11-23
IN,Saint Joseph,,2024-11-23
IN,Starke,$3.015,2024-11-23
IN,Steuben,$2.817,2024-11-23
IN,Sullivan,$2.979,2024-11-23
IN,Switzerland,$2.924,2024-11-23
IN,Tippecanoe,$3.251,2024-11-23
IN,Carroll,$3.281,2024-11-23
IN,Tipton,$2.972,2024-11-23
IN,Union,$2.774,2024-11-23
IN,Vanderburgh,$2.764,2024-11-23
IN,Vermillion,$2.905,2024-11-23
IN,Vigo,$2.741,2024-11-23
IN,Wabash,$2.985,2024-11-23
IN,Warren,$3.199,2024-11-23
IN,Warrick,$2.782,2024-11-23
IN,Washington,$2.834,2024-11-23
IN,Wayne,$2.858,2024-11-23
IN,Cass,$3.017,2024-11-23
IN,Wells,$2.836,2024-11-23
IN,White,$3.111,2024-11-23
IN,Whitley,$2.895,2024-11-23
KS,Allen,$2.712,2024-11-23
KS,Chautauqua,$2.786,2024-11-23
KS,Wallace,$2.924,2024-11-23
KS,Washington,$2.677,2024-11-23
KS,Wichita,$2.716,2024-11-23
KS,Wilson,$2.799,2024-11-23
KS,Woodson,$2.699,2024-11-23
KS,Wyandotte,$2.750,2024-11-23
KS,Cherokee,$2.651,2024-11-23
KS,Cheyenne,$2.839,2024-11-23
KS,Clark,$2.699,2024-11-23
KS,Clay,$2.669,2024-11-23
KS,Cloud,$2.699,2024-11-23
KS,Coffey,$2.660,2024-11-23
KS,Comanche,$2.749,2024-11-23
KS,Cowley,$2.817,2024-11-23
KS,Crawford,$2.697,2024-11-23
KS,Anderson,$2.589,2024-11-23
KS,Decatur,$2.769,2024-11-23
KS,Dickinson,$2.618,2024-11-23
KS,Doniphan,$2.637,2024-11-23
KS,Douglas,$2.767,2024-11-23
KS,Edwards,$2.719,2024-11-23
KS,Elk,$2.799,2024-11-23
KS,Ellis,$2.829,2024-11-23
KS,Ellsworth,$2.842,2024-11-23
KS,Finney,$2.531,2024-11-23
KS,Ford,$2.550,2024-11-23
KS,Atchison,$2.754,2024-11-23
KS,Franklin,$2.643,2024-11-23
KS,Geary,$2.626,2024-11-23
KS,Gove,$2.736,2024-11-23
KS,Graham,$2.814,2024-11-23
KS,Grant,$2.719,2024-11-23
KS,Gray,$2.599,2024-11-23
KS,Greeley,$2.999,2024-11-23
KS,Greenwood,$2.737,2024-11-23
KS,Hamilton,$2.746,2024-11-23
KS,Harper,$2.851,2024-11-23
KS,Barber,$2.906,2024-11-23
KS,Harvey,$2.623,2024-11-23
KS,Haskell,$2.719,2024-11-23
KS,Hodgeman,$2.569,2024-11-23
KS,Jackson,$2.721,2024-11-23
KS,Jefferson,$2.661,2024-11-23
KS,Jewell,$2.834,2024-11-23
KS,Johnson,$2.761,2024-11-23
KS,Kearny,$2.644,2024-11-23
KS,Kingman,$2.837,2024-11-23
KS,Kiowa,$2.739,2024-11-23
KS,Barton,$2.799,2024-11-23
KS,Labette,$2.760,2024-11-23
KS,Lane,$2.804,2024-11-23
KS,Leavenworth,$2.644,2024-11-23
KS,Lincoln,$3.199,2024-11-23
KS,Linn,$2.753,2024-11-23
KS,Logan,$2.759,2024-11-23
KS,Lyon,$2.674,2024-11-23
KS,Marion,$2.761,2024-11-23
KS,Marshall,$2.649,2024-11-23
KS,Mcpherson,$2.612,2024-11-23
KS,Bourbon,$2.697,2024-11-23
KS,Meade,$2.651,2024-11-23
KS,Miami,$2.653,2024-11-23
KS,Mitchell,$2.774,2024-11-23
KS,Montgomery,$2.779,2024-11-23
KS,Morris,$2.653,2024-11-23
KS,Morton,$2.759,2024-11-23
KS,Nemaha,$2.745,2024-11-23
KS,Neosho,$2.790,2024-11-23
KS,Ness,$2.756,2024-11-23
KS,Norton,$2.754,2024-11-23
KS,Brown,$2.706,2024-11-23
KS,Osage,$2.690,2024-11-23
KS,Osborne,$2.769,2024-11-23
KS,Ottawa,$2.714,2024-11-23
KS,Pawnee,$2.899,2024-11-23
KS,Phillips,$2.779,2024-11-23
KS,Pottawatomie,$2.610,2024-11-23
KS,Pratt,$2.739,2024-11-23
KS,Rawlins,$2.859,2024-11-23
KS,Reno,$2.461,2024-11-23
KS,Republic,$2.806,2024-11-23
KS,Butler,$2.764,2024-11-23
KS,Rice,$2.827,2024-11-23
KS,Riley,$2.667,2024-11-23
KS,Rooks,$2.786,2024-11-23
KS,Rush,$2.874,2024-11-23
KS,Russell,$2.822,2024-11-23
KS,Saline,$2.609,2024-11-23
KS,Scott,$2.710,2024-11-23
KS,Sedgwick,$2.749,2024-11-23
KS,Seward,$2.743,2024-11-23
KS,Shawnee,$2.599,2024-11-23
KS,Chase,$2.699,2024-11-23
KS,Sheridan,$2.759,2024-11-23
KS,Sherman,$2.781,2024-11-23
KS,Smith,$2.804,2024-11-23
KS,Stafford,$2.824,2024-11-23
KS,Stanton,$2.899,2024-11-23
KS,Stevens,$2.819,2024-11-23
KS,Sumner,$2.771,2024-11-23
KS,Thomas,$2.615,2024-11-23
KS,Trego,$2.709,2024-11-23
KS,Wabaunsee,$2.639,2024-11-23
KY,Adair,$2.711,2024-11-23
KY,Boyd,$2.794,2024-11-23
KY,Pulaski,$2.916,2024-11-23
KY,Robertson,$2.939,2024-11-23
KY,Rockcastle,$2.973,2024-11-23
KY,Rowan,$2.748,2024-11-23
KY,Russell,$2.743,2024-11-23
KY,Scott,$2.931,2024-11-23
KY,Shelby,$2.745,2024-11-23
KY,Simpson,$2.500,2024-11-23
KY,Spencer,$2.726,2024-11-23
KY,Taylor,$2.685,2024-11-23
KY,Boyle,$2.709,2024-11-23
KY,Todd,$2.609,2024-11-23
KY,Trigg,$2.777,2024-11-23
KY,Trimble,$2.889,2024-11-23
KY,Union,$2.773,2024-11-23
KY,Warren,$2.606,2024-11-23
KY,Washington,$2.782,2024-11-23
KY,Wayne,$2.800,2024-11-23
KY,Webster,$2.611,2024-11-23
KY,Whitley,$2.728,2024-11-23
KY,Wolfe,$2.941,2024-11-23
KY,Bracken,$2.783,2024-11-23
KY,Woodford,$2.975,2024-11-23
KY,Breathitt,$2.962,2024-11-23
KY,Breckinridge,$2.682,2024-11-23
KY,Bullitt,$2.698,2024-11-23
KY,Butler,$2.796,2024-11-23
KY,Caldwell,$2.791,2024-11-23
KY,Calloway,$2.669,2024-11-23
KY,Campbell,$2.760,2024-11-23
KY,Allen,$2.662,2024-11-23
KY,Carlisle,$2.806,2024-11-23
KY,Carroll,$2.707,2024-11-23
KY,Carter,$2.559,2024-11-23
KY,Casey,$2.787,2024-11-23
KY,Christian,$2.686,2024-11-23
KY,Clark,$2.940,2024-11-23
KY,Clay,$2.970,2024-11-23
KY,Clinton,$2.999,2024-11-23
KY,Crittenden,$2.742,2024-11-23
KY,Cumberland,$2.787,2024-11-23
KY,Anderson,$2.765,2024-11-23
KY,Daviess,$2.576,2024-11-23
KY,Edmonson,$2.739,2024-11-23
KY,Elliott,$2.799,2024-11-23
KY,Estill,$2.899,2024-11-23
KY,Fayette,$2.868,2024-11-23
KY,Fleming,$2.680,2024-11-23
KY,Floyd,$2.719,2024-11-23
KY,Franklin,$2.770,2024-11-23
KY,Fulton,$2.657,2024-11-23
KY,Gallatin,$2.810,2024-11-23
KY,Ballard,$2.701,2024-11-23
KY,Garrard,$2.720,2024-11-23
KY,Grant,$2.795,2024-11-23
KY,Graves,$2.640,2024-11-23
KY,Grayson,$2.769,2024-11-23
KY,Green,$2.659,2024-11-23
KY,Greenup,$2.779,2024-11-23
KY,Hancock,$2.674,2024-11-23
KY,Hardin,$2.648,2024-11-23
KY,Harlan,$2.909,2024-11-23
KY,Harrison,$2.791,2024-11-23
KY,Barren,$2.619,2024-11-23
KY,Hart,$2.694,2024-11-23
KY,Henderson,$2.485,2024-11-23
KY,Henry,$2.830,2024-11-23
KY,Hickman,$2.699,2024-11-23
KY,Hopkins,$2.689,2024-11-23
KY,Jackson,$2.839,2024-11-23
KY,Jefferson,$2.868,2024-11-23
KY,Jessamine,$2.741,2024-11-23
KY,Johnson,$2.753,2024-11-23
KY,Kenton,$2.811,2024-11-23
KY,Bath,$2.825,2024-11-23
KY,Knott,$2.929,2024-11-23
KY,Knox,$2.803,2024-11-23
KY,Larue,$2.792,2024-11-23
KY,Laurel,$2.769,2024-11-23
KY,Lawrence,$2.791,2024-11-23
KY,Lee,$2.987,2024-11-23
KY,Leslie,$3.019,2024-11-23
KY,Letcher,$2.972,2024-11-23
KY,Lewis,$2.807,2024-11-23
KY,Lincoln,$2.770,2024-11-23
KY,Bell,$2.514,2024-11-23
KY,Livingston,$2.789,2024-11-23
KY,Logan,$2.612,2024-11-23
KY,Lyon,$2.807,2024-11-23
KY,Madison,$2.896,2024-11-23
KY,Magoffin,$2.975,2024-11-23
KY,Marion,$2.706,2024-11-23
KY,Marshall,$2.712,2024-11-23
KY,Martin,$2.634,2024-11-23
KY,Mason,$2.923,2024-11-23
KY,McCracken,$2.724,2024-11-23
KY,Boone,$2.784,2024-11-23
KY,McCreary,$2.942,2024-11-23
KY,McLean,$2.692,2024-11-23
KY,Meade,$2.691,2024-11-23
KY,Menifee,$2.964,2024-11-23
KY,Mercer,$2.781,2024-11-23
KY,Metcalfe,$2.562,2024-11-23
KY,Monroe,$2.631,2024-11-23
KY,Montgomery,$2.747,2024-11-23
KY,Morgan,$2.893,2024-11-23
KY,Muhlenberg,$2.768,2024-11-23
KY,Bourbon,$2.943,2024-11-23
KY,Nelson,$2.712,2024-11-23
KY,Nicholas,$2.954,2024-11-23
KY,Ohio,$2.712,2024-11-23
KY,Oldham,$2.955,2024-11-23
KY,Owen,$2.867,2024-11-23
KY,Owsley,$2.999,2024-11-23
KY,Pendleton,$2.994,2024-11-23
KY,Perry,$2.830,2024-11-23
KY,Pike,$2.918,2024-11-23
KY,Powell,$2.774,2024-11-23
LA,Acadia,$2.716,2024-11-23
LA,Calcasieu,$2.759,2024-11-23
LA,Caldwell,$2.899,2024-11-23
LA,Cameron,$3.352,2024-11-23
LA,Catahoula,$2.713,2024-11-23
LA,Claiborne,$2.831,2024-11-23
LA,Concordia,$2.635,2024-11-23
LA,De Soto,$2.700,2024-11-23
LA,East Baton Rouge,$2.706,2024-11-23
LA,East Carroll,$2.849,2024-11-23
LA,East Feliciana,$2.896,2024-11-23
LA,Allen,$2.868,2024-11-23
LA,Evangeline,$2.740,2024-11-23
LA,Franklin,$2.681,2024-11-23
LA,Grant,$2.766,2024-11-23
LA,Iberia,$2.751,2024-11-23
LA,Iberville,$2.870,2024-11-23
LA,Jackson,$2.663,2024-11-23
LA,Jefferson,$2.738,2024-11-23
LA,Jefferson Davis,$2.857,2024-11-23
LA,La Salle,$2.797,2024-11-23
LA,Lafayette,$2.754,2024-11-23
LA,Ascension,$2.751,2024-11-23
LA,Lafourche,$2.803,2024-11-23
LA,Lincoln,$2.531,2024-11-23
LA,Livingston,$2.692,2024-11-23
LA,Madison,$2.749,2024-11-23
LA,Morehouse,$2.646,2024-11-23
LA,Natchitoches,$2.629,2024-11-23
LA,Orleans,$2.730,2024-11-23
LA,Ouachita,$2.537,2024-11-23
LA,Plaquemines,$3.086,2024-11-23
LA,Pointe Coupee,$2.810,2024-11-23
LA,Assumption,$2.890,2024-11-23
LA,Rapides,$2.651,2024-11-23
LA,Red River,$2.626,2024-11-23
LA,Richland,$2.636,2024-11-23
LA,Sabine,$2.773,2024-11-23
LA,Saint Bernard,$2.714,2024-11-23
LA,Saint Charles,$2.856,2024-11-23
LA,Saint Helena,$2.659,2024-11-23
LA,Saint James,$2.837,2024-11-23
LA,St John the Baptist,$2.784,2024-11-23
LA,Saint Landry,$2.683,2024-11-23
LA,Avoyelles,$2.750,2024-11-23
LA,Saint Martin,$2.630,2024-11-23
LA,Saint Mary,$2.851,2024-11-23
LA,Saint Tammany,$2.735,2024-11-23
LA,Tangipahoa,$2.686,2024-11-23
LA,Tensas,$2.699,2024-11-23
LA,Terrebonne,$2.760,2024-11-23
LA,Union,$2.605,2024-11-23
LA,Vermilion,$2.812,2024-11-23
LA,Vernon,$2.817,2024-11-23
LA,Washington,$2.743,2024-11-23
LA,Beauregard,$2.686,2024-11-23
LA,Webster,$2.737,2024-11-23
LA,West Baton Rouge,$2.802,2024-11-23
LA,West Carroll,$2.547,2024-11-23
LA,West Feliciana,$2.982,2024-11-23
LA,Winn,$2.780,2024-11-23
LA,Bienville,$2.712,2024-11-23
LA,Bossier,$2.579,2024-11-23
LA,Caddo,$2.591,2024-11-23
MA,Barnstable,$3.087,2024-11-23
MA,Nantucket,$4.336,2024-11-23
MA,Norfolk,$2.997,2024-11-23
MA,Plymouth,$2.967,2024-11-23
MA,Suffolk,$3.191,2024-11-23
MA,Worcester,$3.022,2024-11-23
MA,Berkshire,$3.045,2024-11-23
MA,Bristol,$2.900,2024-11-23
MA,Dukes,$4.170,2024-11-23
MA,Essex,$3.062,2024-11-23
MA,Franklin,$2.956,2024-11-23
MA,Hampden,$2.944,2024-11-23
MA,Hampshire,$2.974,2024-11-23
MA,Middlesex,$3.080,2024-11-23
MD,Allegany,$3.175,2024-11-23
MD,Dorchester,$3.093,2024-11-23
MD,Frederick,$3.101,2024-11-23
MD,Garrett,$3.365,2024-11-23
MD,Harford,$3.113,2024-11-23
MD,Howard,$3.150,2024-11-23
MD,Kent,$3.109,2024-11-23
MD,Montgomery,$3.182,2024-11-23
MD,Prince Georges,$3.122,2024-11-23
MD,Queen Annes,$3.052,2024-11-23
MD,Saint Marys,$3.204,2024-11-23
MD,Anne Arundel,$3.123,2024-11-23
MD,Somerset,$3.108,2024-11-23
MD,Talbot,$3.097,2024-11-23
MD,Washington,$3.081,2024-11-23
MD,Wicomico,$3.104,2024-11-23
MD,Worcester,$3.103,2024-11-23
MD,Baltimore City,$3.108,2024-11-23
MD,Baltimore,$3.117,2024-11-23
MD,Calvert,$3.185,2024-11-23
MD,Cecil,$3.086,2024-11-23
MD,Charles,$3.018,2024-11-23
MD,Carroll,$3.082,2024-11-23
MD,Caroline,$3.108,2024-11-23
ME,Androscoggin,$3.109,2024-11-23
ME,Penobscot,$3.053,2024-11-23
ME,Piscataquis,$3.047,2024-11-23
ME,Sagadahoc,$3.130,2024-11-23
ME,Somerset,$3.073,2024-11-23
ME,Waldo,$3.013,2024-11-23
ME,Washington,$3.054,2024-11-23
ME,York,$3.051,2024-11-23
ME,Aroostook,$3.054,2024-11-23
ME,Cumberland,$3.081,2024-11-23
ME,Franklin,$3.138,2024-11-23
ME,Hancock,$3.109,2024-11-23
ME,Kennebec,$3.100,2024-11-23
ME,Knox,$2.991,2024-11-23
ME,Lincoln,$3.049,2024-11-23
ME,Oxford,$3.125,2024-11-23
MI,Alcona,$3.055,2024-11-23
MI,Benzie,$3.109,2024-11-23
MI,Berrien,$2.875,2024-11-23
MI,Branch,$3.058,2024-11-23
MI,Calhoun,$2.977,2024-11-23
MI,Cass,$2.996,2024-11-23
MI,Charlevoix,$3.114,2024-11-23
MI,Cheboygan,$3.132,2024-11-23
MI,Chippewa,$3.087,2024-11-23
MI,Clare,$2.976,2024-11-23
MI,Clinton,$2.917,2024-11-23
MI,Alger,$3.020,2024-11-23
MI,Crawford,$3.055,2024-11-23
MI,Delta,$3.005,2024-11-23
MI,Dickinson,$2.894,2024-11-23
MI,Eaton,$2.986,2024-11-23
MI,Emmet,$3.017,2024-11-23
MI,Genesee,$2.939,2024-11-23
MI,Gladwin,$2.983,2024-11-23
MI,Gogebic,$3.024,2024-11-23
MI,Grand Traverse,$2.971,2024-11-23
MI,Gratiot,$2.997,2024-11-23
MI,Allegan,$2.985,2024-11-23
MI,Hillsdale,$2.847,2024-11-23
MI,Houghton,$2.955,2024-11-23
MI,Huron,$3.191,2024-11-23
MI,Ingham,$3.008,2024-11-23
MI,Ionia,$2.912,2024-11-23
MI,Iosco,$2.980,2024-11-23
MI,Iron,$3.046,2024-11-23
MI,Isabella,$2.889,2024-11-23
MI,Jackson,$3.031,2024-11-23
MI,Kalamazoo,$2.958,2024-11-23
MI,Alpena,$3.060,2024-11-23
MI,Kalkaska,$2.975,2024-11-23
MI,Kent,$2.973,2024-11-23
MI,Keweenaw,$3.099,2024-11-23
MI,Lake,$3.032,2024-11-23
MI,Lapeer,$3.016,2024-11-23
MI,Leelanau,$3.083,2024-11-23
MI,Lenawee,$2.971,2024-11-23
MI,Livingston,$3.123,2024-11-23
MI,Luce,$3.108,2024-11-23
MI,Mackinac,$3.202,2024-11-23
MI,Antrim,$3.018,2024-11-23
MI,Macomb,$3.055,2024-11-23
MI,Manistee,$3.005,2024-11-23
MI,Marquette,$3.028,2024-11-23
MI,Mason,$2.915,2024-11-23
MI,Mecosta,$3.051,2024-11-23
MI,Menominee,$2.856,2024-11-23
MI,Midland,$2.885,2024-11-23
MI,Missaukee,$3.050,2024-11-23
MI,Monroe,$2.985,2024-11-23
MI,Montcalm,$2.903,2024-11-23
MI,Arenac,$3.161,2024-11-23
MI,Montmorency,$2.946,2024-11-23
MI,Muskegon,$2.983,2024-11-23
MI,Newaygo,$2.929,2024-11-23
MI,Oakland,$3.143,2024-11-23
MI,Oceana,$3.014,2024-11-23
MI,Ogemaw,$3.078,2024-11-23
MI,Ontonagon,$3.111,2024-11-23
MI,Osceola,$3.063,2024-11-23
MI,Oscoda,$3.199,2024-11-23
MI,Otsego,$2.911,2024-11-23
MI,Baraga,$2.963,2024-11-23
MI,Ottawa,$2.999,2024-11-23
MI,Presque Isle,$3.157,2024-11-23
MI,Roscommon,$2.979,2024-11-23
MI,Saginaw,$2.845,2024-11-23
MI,Sanilac,$3.071,2024-11-23
MI,Schoolcraft,$3.199,2024-11-23
MI,Shiawassee,$2.971,2024-11-23
MI,Saint Clair,$3.066,2024-11-23
MI,Saint Joseph,$2.922,2024-11-23
MI,Tuscola,$3.029,2024-11-23
MI,Barry,$3.137,2024-11-23
MI,Van Buren,$2.953,2024-11-23
MI,Washtenaw,$3.115,2024-11-23
MI,Wayne,$3.045,2024-11-23
MI,Wexford,$2.916,2024-11-23
MI,Bay,$3.063,2024-11-23
MN,Aitkin,$2.790,2024-11-23
MN,Carver,$2.935,2024-11-23
MN,Cass,$2.792,2024-11-23
MN,Chippewa,$2.922,2024-11-23
MN,Chisago,$2.798,2024-11-23
MN,Clay,$2.876,2024-11-23
MN,Clearwater,$2.694,2024-11-23
MN,Cook,$2.979,2024-11-23
MN,Cottonwood,$2.909,2024-11-23
MN,Crow Wing,$2.823,2024-11-23
MN,Dakota,$2.893,2024-11-23
MN,Anoka,$2.777,2024-11-23
MN,Dodge,$2.999,2024-11-23
MN,Douglas,$2.937,2024-11-23
MN,Faribault,$2.908,2024-11-23
MN,Fillmore,$2.887,2024-11-23
MN,Freeborn,$2.677,2024-11-23
MN,Goodhue,$2.885,2024-11-23
MN,Grant,$2.918,2024-11-23
MN,Hennepin,$2.974,2024-11-23
MN,Houston,$2.849,2024-11-23
MN,Hubbard,$2.907,2024-11-23
MN,Becker,$2.989,2024-11-23
MN,Isanti,$2.703,2024-11-23
MN,Itasca,$2.897,2024-11-23
MN,Jackson,$2.881,2024-11-23
MN,Kanabec,$2.750,2024-11-23
MN,Kandiyohi,$2.951,2024-11-23
MN,Kittson,$2.712,2024-11-23
MN,Koochiching,$2.811,2024-11-23
MN,Lac Qui Parle,$2.819,2024-11-23
MN,Lake,$2.927,2024-11-23
MN,Lake of the Woods,$2.897,2024-11-23
MN,Beltrami,$2.811,2024-11-23
MN,Le Sueur,$2.931,2024-11-23
MN,Lincoln,$2.849,2024-11-23
MN,Lyon,$2.909,2024-11-23
MN,Mahnomen,$2.866,2024-11-23
MN,Marshall,$2.721,2024-11-23
MN,Martin,$2.892,2024-11-23
MN,McLeod,$2.756,2024-11-23
MN,Meeker,$2.790,2024-11-23
MN,Mille Lacs,$2.963,2024-11-23
MN,Morrison,$2.710,2024-11-23
MN,Benton,$2.857,2024-11-23
MN,Mower,$2.619,2024-11-23
MN,Murray,$2.855,2024-11-23
MN,Nicollet,$2.865,2024-11-23
MN,Nobles,$2.817,2024-11-23
MN,Norman,$2.832,2024-11-23
MN,Olmsted,$2.937,2024-11-23
MN,Otter Tail,$2.947,2024-11-23
MN,Pennington,$2.572,2024-11-23
MN,Pine,$2.884,2024-11-23
MN,Pipestone,$2.799,2024-11-23
MN,Big Stone,$2.829,2024-11-23
MN,Polk,$2.717,2024-11-23
MN,Pope,$2.814,2024-11-23
MN,Ramsey,$2.915,2024-11-23
MN,Red Lake,$2.699,2024-11-23
MN,Redwood,$2.915,2024-11-23
MN,Renville,$2.905,2024-11-23
MN,Rice,$2.797,2024-11-23
MN,Rock,$2.827,2024-11-23
MN,Roseau,$2.767,2024-11-23
MN,Scott,$2.916,2024-11-23
MN,Blue Earth,$2.796,2024-11-23
MN,Sherburne,$2.850,2024-11-23
MN,Sibley,$2.764,2024-11-23
MN,Saint Louis,$2.865,2024-11-23
MN,Stearns,$2.697,2024-11-23
MN,Steele,$2.747,2024-11-23
MN,Stevens,$2.853,2024-11-23
MN,Swift,$2.953,2024-11-23
MN,Todd,$2.790,2024-11-23
MN,Traverse,$2.836,2024-11-23
MN,Wabasha,$2.812,2024-11-23
MN,Brown,$2.833,2024-11-23
MN,Wadena,$2.927,2024-11-23
MN,Waseca,$2.652,2024-11-23
MN,Washington,$2.841,2024-11-23
MN,Watonwan,$2.863,2024-11-23
MN,Wilkin,$2.761,2024-11-23
MN,Winona,$2.865,2024-11-23
MN,Wright,$2.717,2024-11-23
MN,Yellow Medicine,$2.915,2024-11-23
MN,Carlton,$2.815,2024-11-23
MO,Adair,$2.805,2024-11-23
MO,Boone,$2.867,2024-11-23
MO,Saint Francois,$2.691,2024-11-23
MO,Saint Louis,$2.848,2024-11-23
MO,Saint Louis City,$2.838,2024-11-23
MO,Sainte Genevieve,$2.617,2024-11-23
MO,Stoddard,$2.741,2024-11-23
MO,Stone,$2.657,2024-11-23
MO,Sullivan,$2.899,2024-11-23
MO,Taney,$2.625,2024-11-23
MO,Texas,$2.713,2024-11-23
MO,Vernon,$2.470,2024-11-23
MO,Buchanan,$2.602,2024-11-23
MO,Warren,$2.695,2024-11-23
MO,Washington,$2.640,2024-11-23
MO,Wayne,$2.750,2024-11-23
MO,Webster,$2.520,2024-11-23
MO,Worth,$2.709,2024-11-23
MO,Wright,$2.638,2024-11-23
MO,Butler,$2.673,2024-11-23
MO,Caldwell,$2.801,2024-11-23
MO,Callaway,$2.786,2024-11-23
MO,Camden,$2.585,2024-11-23
MO,Cape Girardeau,$2.787,2024-11-23
MO,Carroll,$2.749,2024-11-23
MO,Carter,$2.809,2024-11-23
MO,Cass,$2.703,2024-11-23
MO,Andrew,$2.650,2024-11-23
MO,Cedar,$2.624,2024-11-23
MO,Chariton,$2.825,2024-11-23
MO,Christian,$2.573,2024-11-23
MO,Clark,$2.677,2024-11-23
MO,Clay,$2.670,2024-11-23
MO,Clinton,$2.670,2024-11-23
MO,Cole,$2.855,2024-11-23
MO,Cooper,$2.543,2024-11-23
MO,Crawford,$2.854,2024-11-23
MO,Dade,$2.559,2024-11-23
MO,Atchison,$2.917,2024-11-23
MO,Dallas,$2.500,2024-11-23
MO,Daviess,$2.692,2024-11-23
MO,DeKalb,$2.615,2024-11-23
MO,Dent,$2.808,2024-11-23
MO,Douglas,$2.551,2024-11-23
MO,Dunklin,$2.680,2024-11-23
MO,Franklin,$2.788,2024-11-23
MO,Gasconade,$2.669,2024-11-23
MO,Gentry,$2.726,2024-11-23
MO,Greene,$2.566,2024-11-23
MO,Audrain,$2.748,2024-11-23
MO,Grundy,$2.699,2024-11-23
MO,Harrison,$2.550,2024-11-23
MO,Henry,$2.721,2024-11-23
MO,Hickory,$2.592,2024-11-23
MO,Holt,$2.738,2024-11-23
MO,Howard,$2.822,2024-11-23
MO,Howell,$2.621,2024-11-23
MO,Iron,$2.764,2024-11-23
MO,Jackson,$2.722,2024-11-23
MO,Jasper,$2.517,2024-11-23
MO,Barry,$2.584,2024-11-23
MO,Jefferson,$2.829,2024-11-23
MO,Johnson,$2.604,2024-11-23
MO,Knox,$2.599,2024-11-23
MO,Laclede,$2.649,2024-11-23
MO,Lafayette,$2.722,2024-11-23
MO,Lawrence,$2.617,2024-11-23
MO,Lewis,$2.705,2024-11-23
MO,Lincoln,$2.753,2024-11-23
MO,Linn,$2.813,2024-11-23
MO,Livingston,$2.829,2024-11-23
MO,Barton,$2.518,2024-11-23
MO,Macon,$2.761,2024-11-23
MO,Madison,$2.589,2024-11-23
MO,Maries,$2.782,2024-11-23
MO,Marion,$2.596,2024-11-23
MO,McDonald,$2.573,2024-11-23
MO,Mercer,$2.572,2024-11-23
MO,Miller,$2.737,2024-11-23
MO,Mississippi,$2.598,2024-11-23
MO,Moniteau,$2.867,2024-11-23
MO,Monroe,$2.774,2024-11-23
MO,Bates,$2.744,2024-11-23
MO,Montgomery,$2.718,2024-11-23
MO,Morgan,$2.673,2024-11-23
MO,New Madrid,$2.652,2024-11-23
MO,Newton,$2.514,2024-11-23
MO,Nodaway,$2.741,2024-11-23
MO,Oregon,$2.761,2024-11-23
MO,Osage,$2.830,2024-11-23
MO,Ozark,$2.737,2024-11-23
MO,Pemiscot,$2.762,2024-11-23
MO,Perry,$2.694,2024-11-23
MO,Benton,$2.559,2024-11-23
MO,Pettis,$2.656,2024-11-23
MO,Phelps,$2.704,2024-11-23
MO,Pike,$2.794,2024-11-23
MO,Platte,$2.678,2024-11-23
MO,Polk,$2.664,2024-11-23
MO,Pulaski,$2.636,2024-11-23
MO,Putnam,$2.899,2024-11-23
MO,Ralls,$2.691,2024-11-23
MO,Randolph,$2.704,2024-11-23
MO,Ray,$2.740,2024-11-23
MO,Bollinger,$2.814,2024-11-23
MO,Reynolds,$2.889,2024-11-23
MO,Ripley,$2.776,2024-11-23
MO,Saline,$2.796,2024-11-23
MO,Schuyler,$2.793,2024-11-23
MO,Scotland,$2.799,2024-11-23
MO,Scott,$2.834,2024-11-23
MO,Shannon,$2.846,2024-11-23
MO,Shelby,$2.756,2024-11-23
MO,Saint Charles,$2.849,2024-11-23
MO,Saint Clair,$2.738,2024-11-23
MS,Adams,$2.783,2024-11-23
MS,Choctaw,$2.687,2024-11-23
MS,Claiborne,$2.999,2024-11-23
MS,Clarke,$2.827,2024-11-23
MS,Clay,$2.567,2024-11-23
MS,Coahoma,$2.709,2024-11-23
MS,Copiah,$2.644,2024-11-23
MS,Covington,$2.604,2024-11-23
MS,De Soto,$2.611,2024-11-23
MS,Forrest,$2.570,2024-11-23
MS,Franklin,$2.655,2024-11-23
MS,Alcorn,$2.614,2024-11-23
MS,George,$2.658,2024-11-23
MS,Greene,$2.752,2024-11-23
MS,Grenada,$2.558,2024-11-23
MS,Hancock,$2.558,2024-11-23
MS,Harrison,$2.503,2024-11-23
MS,Hinds,$2.648,2024-11-23
MS,Holmes,$2.756,2024-11-23
MS,Humphreys,$2.999,2024-11-23
MS,Issaquena,,2024-11-23
MS,Itawamba,$2.563,2024-11-23
MS,Amite,$2.809,2024-11-23
MS,Jackson,$2.575,2024-11-23
MS,Jasper,$2.554,2024-11-23
MS,Jefferson,$2.699,2024-11-23
MS,Jefferson Davis,$2.731,2024-11-23
MS,Jones,$2.453,2024-11-23
MS,Kemper,$2.759,2024-11-23
MS,Lafayette,$2.802,2024-11-23
MS,Lamar,$2.586,2024-11-23
MS,Lauderdale,$2.731,2024-11-23
MS,Lawrence,$2.766,2024-11-23
MS,Attala,$2.686,2024-11-23
MS,Leake,$2.573,2024-11-23
MS,Lee,$2.611,2024-11-23
MS,Leflore,$2.776,2024-11-23
MS,Lincoln,$2.594,2024-11-23
MS,Lowndes,$2.602,2024-11-23
MS,Madison,$2.740,2024-11-23
MS,Marion,$2.677,2024-11-23
MS,Marshall,$2.610,2024-11-23
MS,Monroe,$2.600,2024-11-23
MS,Montgomery,$2.774,2024-11-23
MS,Benton,$2.659,2024-11-23
MS,Neshoba,$2.644,2024-11-23
MS,Newton,$2.692,2024-11-23
MS,Noxubee,$2.885,2024-11-23
MS,Oktibbeha,$2.624,2024-11-23
MS,Panola,$2.569,2024-11-23
MS,Pearl River,$2.472,2024-11-23
MS,Perry,$2.856,2024-11-23
MS,Pike,$2.511,2024-11-23
MS,Pontotoc,$2.640,2024-11-23
MS,Prentiss,$2.532,2024-11-23
MS,Bolivar,$2.601,2024-11-23
MS,Quitman,$2.699,2024-11-23
MS,Rankin,$2.618,2024-11-23
MS,Scott,$2.795,2024-11-23
MS,Sharkey,$2.999,2024-11-23
MS,Simpson,$2.579,2024-11-23
MS,Smith,$2.725,2024-11-23
MS,Stone,$2.629,2024-11-23
MS,Sunflower,$2.620,2024-11-23
MS,Tallahatchie,$2.636,2024-11-23
MS,Tate,$2.596,2024-11-23
MS,Calhoun,$2.718,2024-11-23
MS,Tippah,$2.698,2024-11-23
MS,Tishomingo,$2.643,2024-11-23
MS,Tunica,$2.785,2024-11-23
MS,Union,$2.600,2024-11-23
MS,Walthall,$2.689,2024-11-23
MS,Warren,$2.696,2024-11-23
MS,Washington,$2.768,2024-11-23
MS,Wayne,$2.707,2024-11-23
MS,Webster,$2.729,2024-11-23
MS,Wilkinson,$2.926,2024-11-23
MS,Carroll,$2.872,2024-11-23
MS,Winston,$2.637,2024-11-23
MS,Yalobusha,$2.584,2024-11-23
MS,Yazoo,$2.700,2024-11-23
MS,Chickasaw,$2.682,2024-11-23
MT,Beaverhead,$3.108,2024-11-23
MT,Daniels,$3.219,2024-11-23
MT,Dawson,$2.915,2024-11-23
MT,Deer Lodge,$2.931,2024-11-23
MT,Fallon,$3.082,2024-11-23
MT,Fergus,$3.024,2024-11-23
MT,Flathead,$2.984,2024-11-23
MT,Gallatin,$2.997,2024-11-23
MT,Garfield,$2.779,2024-11-23
MT,Glacier,$3.207,2024-11-23
MT,Golden Valley,$3.249,2024-11-23
MT,Big Horn,$3.014,2024-11-23
MT,Granite,$3.109,2024-11-23
MT,Hill,$2.986,2024-11-23
MT,Jefferson,$2.953,2024-11-23
MT,Judith Basin,$3.099,2024-11-23
MT,Lake,$2.984,2024-11-23
MT,Lewis and Clark,$2.962,2024-11-23
MT,Liberty,$3.092,2024-11-23
MT,Lincoln,$3.003,2024-11-23
MT,Madison,$2.957,2024-11-23
MT,McCone,$2.899,2024-11-23
MT,Blaine,$3.027,2024-11-23
MT,Meagher,$2.939,2024-11-23
MT,Mineral,$3.043,2024-11-23
MT,Missoula,$2.968,2024-11-23
MT,Musselshell,$3.132,2024-11-23
MT,Park,$3.094,2024-11-23
MT,Petroleum,$3.409,2024-11-23
MT,Phillips,$2.996,2024-11-23
MT,Pondera,$3.029,2024-11-23
MT,Powder River,$3.099,2024-11-23
MT,Powell,$2.994,2024-11-23
MT,Broadwater,$2.934,2024-11-23
MT,Prairie,$2.904,2024-11-23
MT,Ravalli,$2.936,2024-11-23
MT,Richland,$2.963,2024-11-23
MT,Roosevelt,$3.014,2024-11-23
MT,Rosebud,$2.993,2024-11-23
MT,Sanders,$2.987,2024-11-23
MT,Sheridan,$3.261,2024-11-23
MT,Silver Bow,$2.936,2024-11-23
MT,Stillwater,$2.966,2024-11-23
MT,Sweet Grass,$2.906,2024-11-23
MT,Carbon,$2.970,2024-11-23
MT,Teton,$2.988,2024-11-23
MT,Toole,$2.992,2024-11-23
MT,Treasure,$2.999,2024-11-23
MT,Valley,$2.999,2024-11-23
MT,Wheatland,$3.299,2024-11-23
MT,Wibaux,$3.019,2024-11-23
MT,Yellowstone,$2.946,2024-11-23
MT,Carter,$3.099,2024-11-23
MT,Cascade,$2.868,2024-11-23
MT,Chouteau,$2.999,2024-11-23
MT,Custer,$2.889,2024-11-23
NC,Alamance,$2.895,2024-11-23
NC,Brunswick,$2.735,2024-11-23
NC,Yancey,$2.856,2024-11-23
NC,Buncombe,$2.913,2024-11-23
NC,Burke,$2.765,2024-11-23
NC,Cabarrus,$2.951,2024-11-23
NC,Caldwell,$2.753,2024-11-23
NC,Camden,$2.719,2024-11-23
NC,Carteret,$2.849,2024-11-23
NC,Caswell,$2.999,2024-11-23
NC,Catawba,$2.813,2024-11-23
NC,Chatham,$2.872,2024-11-23
NC,Alexander,$2.838,2024-11-23
NC,Cherokee,$2.927,2024-11-23
NC,Chowan,$2.847,2024-11-23
NC,Clay,$2.859,2024-11-23
NC,Cleveland,$2.815,2024-11-23
NC,Columbus,$2.833,2024-11-23
NC,Craven,$2.796,2024-11-23
NC,Cumberland,$2.743,2024-11-23
NC,Currituck,$2.879,2024-11-23
NC,Dare,$2.878,2024-11-23
NC,Davidson,$2.867,2024-11-23
NC,Alleghany,$2.763,2024-11-23
NC,Davie,$2.839,2024-11-23
NC,Duplin,$2.812,2024-11-23
NC,Durham,$3.039,2024-11-23
NC,Edgecombe,$2.792,2024-11-23
NC,Forsyth,$2.838,2024-11-23
NC,Franklin,$2.915,2024-11-23
NC,Gaston,$2.870,2024-11-23
NC,Gates,$2.939,2024-11-23
NC,Graham,$3.024,2024-11-23
NC,Granville,$2.882,2024-11-23
NC,Anson,$2.908,2024-11-23
NC,Greene,$2.872,2024-11-23
NC,Guilford,$2.918,2024-11-23
NC,Halifax,$2.909,2024-11-23
NC,Harnett,$2.867,2024-11-23
NC,Haywood,$2.935,2024-11-23
NC,Henderson,$2.855,2024-11-23
NC,Hertford,$2.739,2024-11-23
NC,Hoke,$2.894,2024-11-23
NC,Hyde,$3.249,2024-11-23
NC,Iredell,$2.913,2024-11-23
NC,Ashe,$2.639,2024-11-23
NC,Jackson,$3.076,2024-11-23
NC,Johnston,$2.875,2024-11-23
NC,Jones,$2.814,2024-11-23
NC,Lee,$2.798,2024-11-23
NC,Lenoir,$2.790,2024-11-23
NC,Lincoln,$2.881,2024-11-23
NC,Macon,$3.001,2024-11-23
NC,Madison,$3.032,2024-11-23
NC,Martin,$2.799,2024-11-23
NC,McDowell,$2.788,2024-11-23
NC,Avery,$2.808,2024-11-23
NC,Mecklenburg,$2.945,2024-11-23
NC,Mitchell,$2.811,2024-11-23
NC,Montgomery,$2.836,2024-11-23
NC,Moore,$2.830,2024-11-23
NC,Nash,$2.818,2024-11-23
NC,New Hanover,$2.823,2024-11-23
NC,Northampton,$2.873,2024-11-23
NC,Onslow,$2.742,2024-11-23
NC,Orange,$2.984,2024-11-23
NC,Pamlico,$2.765,2024-11-23
NC,Beaufort,$2.758,2024-11-23
NC,Pasquotank,$2.697,2024-11-23
NC,Pender,$2.818,2024-11-23
NC,Perquimans,$2.839,2024-11-23
NC,Person,$2.985,2024-11-23
NC,Pitt,$2.736,2024-11-23
NC,Polk,$2.948,2024-11-23
NC,Randolph,$2.855,2024-11-23
NC,Richmond,$2.851,2024-11-23
NC,Robeson,$2.793,2024-11-23
NC,Rockingham,$2.845,2024-11-23
NC,Bertie,$2.852,2024-11-23
NC,Rowan,$2.839,2024-11-23
NC,Rutherford,$2.847,2024-11-23
NC,Sampson,$2.830,2024-11-23
NC,Scotland,$2.863,2024-11-23
NC,Stanly,$2.812,2024-11-23
NC,Stokes,$2.890,2024-11-23
NC,Surry,$2.774,2024-11-23
NC,Swain,$2.958,2024-11-23
NC,Transylvania,$2.954,2024-11-23
NC,Tyrrell,$2.819,2024-11-23
NC,Bladen,$2.763,2024-11-23
NC,Union,$2.942,2024-11-23
NC,Vance,$2.917,2024-11-23
NC,Wake,$2.927,2024-11-23
NC,Warren,$2.970,2024-11-23
NC,Washington,$2.799,2024-11-23
NC,Watauga,$2.633,2024-11-23
NC,Wayne,$2.792,2024-11-23
NC,Wilkes,$2.848,2024-11-23
NC,Wilson,$2.740,2024-11-23
NC,Yadkin,$2.831,2024-11-23
ND,Adams,$2.994,2024-11-23
ND,Cavalier,$2.849,2024-11-23
ND,Dickey,$2.897,2024-11-23
ND,Divide,$2.849,2024-11-23
ND,Dunn,$3.097,2024-11-23
ND,Eddy,$2.989,2024-11-23
ND,Emmons,$2.965,2024-11-23
ND,Foster,$2.899,2024-11-23
ND,Golden Valley,$2.899,2024-11-23
ND,Grand Forks,$2.740,2024-11-23
ND,Grant,$2.909,2024-11-23
ND,Barnes,$2.914,2024-11-23
ND,Griggs,$2.829,2024-11-23
ND,Hettinger,$2.939,2024-11-23
ND,Kidder,$3.042,2024-11-23
ND,LaMoure,$2.849,2024-11-23
ND,Logan,$2.999,2024-11-23
ND,McHenry,$2.899,2024-11-23
ND,McIntosh,$3.124,2024-11-23
ND,McKenzie,$3.205,2024-11-23
ND,McLean,$2.924,2024-11-23
ND,Mercer,$2.982,2024-11-23
ND,Benson,$3.024,2024-11-23
ND,Morton,$2.924,2024-11-23
ND,Mountrail,$2.938,2024-11-23
ND,Nelson,$2.924,2024-11-23
ND,Oliver,$2.829,2024-11-23
ND,Pembina,$2.838,2024-11-23
ND,Pierce,$2.949,2024-11-23
ND,Ramsey,$2.964,2024-11-23
ND,Ransom,$2.681,2024-11-23
ND,Renville,$2.912,2024-11-23
ND,Richland,$2.729,2024-11-23
ND,Billings,$3.209,2024-11-23
ND,Rolette,$3.072,2024-11-23
ND,Sargent,$2.732,2024-11-23
ND,Sheridan,$2.999,2024-11-23
ND,Sioux,$2.949,2024-11-23
ND,Slope,,2024-11-23
ND,Stark,$2.966,2024-11-23
ND,Steele,$2.902,2024-11-23
ND,Stutsman,$3.054,2024-11-23
ND,Towner,$2.926,2024-11-23
ND,Traill,$2.822,2024-11-23
ND,Bottineau,$2.881,2024-11-23
ND,Walsh,$2.837,2024-11-23
ND,Ward,$2.910,2024-11-23
ND,Wells,$2.899,2024-11-23
ND,Williams,$3.011,2024-11-23
ND,Bowman,$2.854,2024-11-23
ND,Burke,$2.884,2024-11-23
ND,Burleigh,$2.982,2024-11-23
ND,Cass,$2.718,2024-11-23
NE,Adams,$2.830,2024-11-23
NE,Buffalo,$2.915,2024-11-23
NE,Burt,$2.832,2024-11-23
NE,Butler,$2.699,2024-11-23
NE,Cass,$2.648,2024-11-23
NE,Cedar,$2.887,2024-11-23
NE,Chase,$3.396,2024-11-23
NE,Cherry,$3.096,2024-11-23
NE,Cheyenne,$2.954,2024-11-23
NE,Clay,$2.931,2024-11-23
NE,Colfax,$2.821,2024-11-23
NE,Antelope,$2.930,2024-11-23
NE,Cuming,$2.729,2024-11-23
NE,Custer,$2.999,2024-11-23
NE,Dakota,$2.526,2024-11-23
NE,Dawes,$2.989,2024-11-23
NE,Dawson,$2.872,2024-11-23
NE,Deuel,$2.792,2024-11-23
NE,Dixon,$2.789,2024-11-23
NE,Dodge,$2.600,2024-11-23
NE,Douglas,$2.479,2024-11-23
NE,Dundy,$3.229,2024-11-23
NE,Arthur,,2024-11-23
NE,Fillmore,$2.893,2024-11-23
NE,Franklin,$3.079,2024-11-23
NE,Frontier,$2.749,2024-11-23
NE,Furnas,$2.977,2024-11-23
NE,Gage,$2.829,2024-11-23
NE,Garden,,2024-11-23
NE,Garfield,$2.749,2024-11-23
NE,Gosper,$2.819,2024-11-23
NE,Grant,$2.999,2024-11-23
NE,Greeley,$2.829,2024-11-23
NE,Banner,,2024-11-23
NE,Hall,$2.953,2024-11-23
NE,Hamilton,$2.689,2024-11-23
NE,Harlan,$2.919,2024-11-23
NE,Hayes,,2024-11-23
NE,Hitchcock,$3.169,2024-11-23
NE,Holt,$2.777,2024-11-23
NE,Hooker,$2.949,2024-11-23
NE,Howard,$2.899,2024-11-23
NE,Jefferson,$2.799,2024-11-23
NE,Johnson,$2.536,2024-11-23
NE,Blaine,,2024-11-23
NE,Kearney,$3.032,2024-11-23
NE,Keith,$2.747,2024-11-23
NE,Keya Paha,$3.499,2024-11-23
NE,Kimball,$3.182,2024-11-23
NE,Knox,$2.885,2024-11-23
NE,Lancaster,$2.853,2024-11-23
NE,Lincoln,$3.077,2024-11-23
NE,Logan,$2.864,2024-11-23
NE,Loup,$3.099,2024-11-23
NE,Madison,$2.744,2024-11-23
NE,Boone,$2.632,2024-11-23
NE,McPherson,,2024-11-23
NE,Merrick,$3.022,2024-11-23
NE,Morrill,$3.272,2024-11-23
NE,Nance,$2.749,2024-11-23
NE,Nemaha,$2.699,2024-11-23
NE,Nuckolls,$3.079,2024-11-23
NE,Otoe,$2.657,2024-11-23
NE,Pawnee,$2.699,2024-11-23
NE,Perkins,$3.229,2024-11-23
NE,Phelps,$2.949,2024-11-23
NE,Box Butte,$2.723,2024-11-23
NE,Pierce,$2.719,2024-11-23
NE,Platte,$2.635,2024-11-23
NE,Polk,$2.736,2024-11-23
NE,Red Willow,$2.989,2024-11-23
NE,Richardson,$2.759,2024-11-23
NE,Rock,$2.899,2024-11-23
NE,Saline,$2.859,2024-11-23
NE,Sarpy,$2.510,2024-11-23
NE,Saunders,$2.909,2024-11-23
NE,Scotts Bluff,$3.043,2024-11-23
NE,Boyd,$2.909,2024-11-23
NE,Seward,$3.023,2024-11-23
NE,Sheridan,$2.969,2024-11-23
NE,Sherman,,2024-11-23
NE,Sioux,,2024-11-23
NE,Stanton,$2.944,2024-11-23
NE,Thayer,$2.832,2024-11-23
NE,Thomas,$3.399,2024-11-23
NE,Thurston,$2.769,2024-11-23
NE,Valley,$2.774,2024-11-23
NE,Washington,$2.562,2024-11-23
NE,Brown,$2.919,2024-11-23
NE,Wayne,$2.719,2024-11-23
NE,Webster,$2.999,2024-11-23
NE,Wheeler,$3.149,2024-11-23
NE,York,$2.768,2024-11-23
NH,Belknap,$2.983,2024-11-23
NH,Sullivan,$2.928,2024-11-23
NH,Carroll,$3.069,2024-11-23
NH,Cheshire,$2.893,2024-11-23
NH,Coos,$3.103,2024-11-23
NH,Grafton,$3.114,2024-11-23
NH,Hillsborough,$2.976,2024-11-23
NH,Merrimack,$3.009,2024-11-23
NH,Rockingham,$2.893,2024-11-23
NH,Strafford,$2.899,2024-11-23
NJ,Atlantic,$2.940,2024-11-23
NJ,Hunterdon,$2.970,2024-11-23
NJ,Mercer,$2.959,2024-11-23
NJ,Middlesex,$2.970,2024-11-23
NJ,Monmouth,$2.999,2024-11-23
NJ,Morris,$2.985,2024-11-23
NJ,Ocean,$3.007,2024-11-23
NJ,Passaic,$2.962,2024-11-23
NJ,Salem,$2.945,2024-11-23
NJ,Somerset,$3.071,2024-11-23
NJ,Sussex,$2.910,2024-11-23
NJ,Bergen,$2.963,2024-11-23
NJ,Union,$2.982,2024-11-23
NJ,Warren,$2.922,2024-11-23
NJ,Burlington,$2.952,2024-11-23
NJ,Camden,$2.902,2024-11-23
NJ,Cape May,$3.005,2024-11-23
NJ,Cumberland,$2.942,2024-11-23
NJ,Essex,$3.043,2024-11-23
NJ,Gloucester,$2.920,2024-11-23
NJ,Hudson,$3.015,2024-11-23
NM,Bernalillo,$2.901,2024-11-23
NM,Grant,$2.937,2024-11-23
NM,Guadalupe,$2.802,2024-11-23
NM,Harding,$3.569,2024-11-23
NM,Hidalgo,$2.970,2024-11-23
NM,Lea,$2.850,2024-11-23
NM,Lincoln,$2.980,2024-11-23
NM,Los Alamos,$2.881,2024-11-23
NM,Luna,$3.017,2024-11-23
NM,McKinley,$2.874,2024-11-23
NM,Mora,$2.884,2024-11-23
NM,Catron,$3.349,2024-11-23
NM,Otero,$2.629,2024-11-23
NM,Quay,$2.700,2024-11-23
NM,Rio Arriba,$2.761,2024-11-23
NM,Roosevelt,$2.751,2024-11-23
NM,San Juan,$3.088,2024-11-23
NM,San Miguel,$2.843,2024-11-23
NM,Sandoval,$2.771,2024-11-23
NM,Santa Fe,$2.891,2024-11-23
NM,Sierra,$2.902,2024-11-23
NM,Socorro,$2.902,2024-11-23
NM,Chaves,$2.811,2024-11-23
NM,Taos,$2.776,2024-11-23
NM,Torrance,$2.897,2024-11-23
NM,Union,$2.779,2024-11-23
NM,Valencia,$2.830,2024-11-23
NM,Cibola,$2.940,2024-11-23
NM,Colfax,$3.004,2024-11-23
NM,Curry,$2.692,2024-11-23
NM,De Baca,$2.864,2024-11-23
NM,Dona Ana,$2.865,2024-11-23
NM,Eddy,$2.885,2024-11-23
NV,Carson City,$3.363,2024-11-23
NV,Lincoln,$3.482,2024-11-23
NV,Lyon,$3.623,2024-11-23
NV,Mineral,$3.994,2024-11-23
NV,Nye,$3.274,2024-11-23
NV,Pershing,$3.919,2024-11-23
NV,Storey,$3.959,2024-11-23
NV,Washoe,$4.222,2024-11-23
NV,White Pine,$2.970,2024-11-23
NV,Churchill,$3.745,2024-11-23
NV,Clark,$3.680,2024-11-23
NV,Douglas,$3.459,2024-11-23
NV,Elko,$3.363,2024-11-23
NV,Esmeralda,,2024-11-23
NV,Eureka,$3.799,2024-11-23
NV,Humboldt,$3.606,2024-11-23
NV,Lander,$3.492,2024-11-23
NY,Albany,$3.107,2024-11-23
NY,Clinton,$3.092,2024-11-23
NY,Columbia,$3.093,2024-11-23
NY,Cortland,$3.260,2024-11-23
NY,Delaware,$3.446,2024-11-23
NY,Dutchess,$3.133,2024-11-23
NY,Erie,$3.210,2024-11-23
NY,Essex,$3.396,2024-11-23
NY,Franklin,$3.195,2024-11-23
NY,Fulton,$3.278,2024-11-23
NY,Genesee,$3.253,2024-11-23
NY,Allegany,$3.324,2024-11-23
NY,Greene,$3.069,2024-11-23
NY,Hamilton,$3.539,2024-11-23
NY,Herkimer,$3.286,2024-11-23
NY,Jefferson,$3.146,2024-11-23
NY,Kings,$3.062,2024-11-23
NY,Lewis,$3.396,2024-11-23
NY,Livingston,$3.357,2024-11-23
NY,Madison,$3.262,2024-11-23
NY,Monroe,$3.230,2024-11-23
NY,Montgomery,$3.196,2024-11-23
NY,Bronx,$3.140,2024-11-23
NY,Nassau,$2.972,2024-11-23
NY,New York,$3.272,2024-11-23
NY,Niagara,$3.136,2024-11-23
NY,Oneida,$3.334,2024-11-23
NY,Onondaga,$3.145,2024-11-23
NY,Ontario,$3.305,2024-11-23
NY,Orange,$3.062,2024-11-23
NY,Orleans,$3.220,2024-11-23
NY,Oswego,$3.209,2024-11-23
NY,Otsego,$3.359,2024-11-23
NY,Broome,$3.129,2024-11-23
NY,Putnam,$3.128,2024-11-23
NY,Queens,$3.091,2024-11-23
NY,Rensselaer,$3.062,2024-11-23
NY,Richmond,$3.123,2024-11-23
NY,Rockland,$3.335,2024-11-23
NY,Saratoga,$3.058,2024-11-23
NY,Schenectady,$3.046,2024-11-23
NY,Schoharie,$3.150,2024-11-23
NY,Schuyler,$3.220,2024-11-23
NY,Seneca,$2.932,2024-11-23
NY,Cattaraugus,$3.353,2024-11-23
NY,Saint Lawrence,$3.473,2024-11-23
NY,Steuben,$3.306,2024-11-23
NY,Suffolk,$3.015,2024-11-23
NY,Sullivan,$3.110,2024-11-23
NY,Tioga,$3.200,2024-11-23
NY,Tompkins,$3.364,2024-11-23
NY,Ulster,$3.032,2024-11-23
NY,Warren,$3.243,2024-11-23
NY,Washington,$3.160,2024-11-23
NY,Wayne,$3.355,2024-11-23
NY,Cayuga,$3.227,2024-11-23
NY,Westchester,$3.331,2024-11-23
NY,Wyoming,$3.243,2024-11-23
NY,Yates,$3.342,2024-11-23
NY,Chautauqua,$3.428,2024-11-23
NY,Chemung,$3.139,2024-11-23
NY,Chenango,$3.205,2024-11-23
OH,Adams,$2.863,2024-11-23
OH,Carroll,$2.974,2024-11-23
OH,Champaign,$2.855,2024-11-23
OH,Clark,$2.861,2024-11-23
OH,Clermont,$2.820,2024-11-23
OH,Clinton,$2.860,2024-11-23
OH,Columbiana,$2.802,2024-11-23
OH,Coshocton,$2.888,2024-11-23
OH,Crawford,$2.812,2024-11-23
OH,Cuyahoga,$2.899,2024-11-23
OH,Darke,$2.801,2024-11-23
OH,Allen,$2.761,2024-11-23
OH,Defiance,$2.836,2024-11-23
OH,Delaware,$2.885,2024-11-23
OH,Erie,$2.931,2024-11-23
OH,Fairfield,$2.870,2024-11-23
OH,Fayette,$2.853,2024-11-23
OH,Franklin,$2.913,2024-11-23
OH,Fulton,$2.901,2024-11-23
OH,Gallia,$2.825,2024-11-23
OH,Geauga,$2.885,2024-11-23
OH,Greene,$2.834,2024-11-23
OH,Ashland,$2.924,2024-11-23
OH,Guernsey,$2.877,2024-11-23
OH,Hamilton,$2.854,2024-11-23
OH,Hancock,$2.821,2024-11-23
OH,Hardin,$2.741,2024-11-23
OH,Harrison,$2.979,2024-11-23
OH,Henry,$2.850,2024-11-23
OH,Highland,$2.893,2024-11-23
OH,Hocking,$2.871,2024-11-23
OH,Holmes,$2.957,2024-11-23
OH,Huron,$2.946,2024-11-23
OH,Ashtabula,$2.894,2024-11-23
OH,Jackson,$2.863,2024-11-23
OH,Jefferson,$2.926,2024-11-23
OH,Knox,$2.907,2024-11-23
OH,Lake,$2.925,2024-11-23
OH,Lawrence,$2.851,2024-11-23
OH,Licking,$2.934,2024-11-23
OH,Logan,$2.864,2024-11-23
OH,Lorain,$2.876,2024-11-23
OH,Lucas,$2.802,2024-11-23
OH,Madison,$2.835,2024-11-23
OH,Athens,$2.971,2024-11-23
OH,Mahoning,$2.833,2024-11-23
OH,Marion,$2.925,2024-11-23
OH,Medina,$2.935,2024-11-23
OH,Meigs,$2.908,2024-11-23
OH,Mercer,$2.864,2024-11-23
OH,Miami,$2.858,2024-11-23
OH,Monroe,$3.010,2024-11-23
OH,Montgomery,$2.838,2024-11-23
OH,Morgan,$2.999,2024-11-23
OH,Morrow,$2.836,2024-11-23
OH,Auglaize,$2.823,2024-11-23
OH,Muskingum,$2.915,2024-11-23
OH,Noble,$2.955,2024-11-23
OH,Ottawa,$2.906,2024-11-23
OH,Paulding,$2.829,2024-11-23
OH,Perry,$2.935,2024-11-23
OH,Pickaway,$2.838,2024-11-23
OH,Pike,$2.918,2024-11-23
OH,Portage,$2.884,2024-11-23
OH,Preble,$2.840,2024-11-23
OH,Putnam,$2.840,2024-11-23
OH,Belmont,$2.921,2024-11-23
OH,Richland,$2.871,2024-11-23
OH,Ross,$2.879,2024-11-23
OH,Sandusky,$2.894,2024-11-23
OH,Scioto,$2.788,2024-11-23
OH,Seneca,$2.918,2024-11-23
OH,Shelby,$2.701,2024-11-23
OH,Stark,$2.853,2024-11-23
OH,Summit,$2.853,2024-11-23
OH,Trumbull,$2.884,2024-11-23
OH,Tuscarawas,$2.930,2024-11-23
OH,Brown,$2.853,2024-11-23
OH,Union,$2.931,2024-11-23
OH,Van Wert,$2.910,2024-11-23
OH,Vinton,$2.909,2024-11-23
OH,Warren,$2.808,2024-11-23
OH,Washington,$2.910,2024-11-23
OH,Wayne,$2.882,2024-11-23
OH,Williams,$2.815,2024-11-23
OH,Wood,$2.821,2024-11-23
OH,Wyandot,$2.650,2024-11-23
OH,Butler,$2.803,2024-11-23
OK,Adair,$2.583,2024-11-23
OK,Carter,$2.572,2024-11-23
OK,Cherokee,$2.662,2024-11-23
OK,Choctaw,$2.684,2024-11-23
OK,Cimarron,$2.744,2024-11-23
OK,Cleveland,$2.396,2024-11-23
OK,Coal,$3.164,2024-11-23
OK,Comanche,$2.366,2024-11-23
OK,Cotton,$2.543,2024-11-23
OK,Craig,$2.500,2024-11-23
OK,Creek,$2.591,2024-11-23
OK,Alfalfa,$2.886,2024-11-23
OK,Custer,$2.554,2024-11-23
OK,Delaware,$2.588,2024-11-23
OK,Dewey,$2.763,2024-11-23
OK,Ellis,$2.966,2024-11-23
OK,Garfield,$2.623,2024-11-23
OK,Garvin,$2.617,2024-11-23
OK,Grady,$2.613,2024-11-23
OK,Grant,$2.619,2024-11-23
OK,Greer,$2.489,2024-11-23
OK,Harmon,$2.349,2024-11-23
OK,Atoka,$2.618,2024-11-23
OK,Harper,$2.753,2024-11-23
OK,Haskell,$2.714,2024-11-23
OK,Hughes,$2.928,2024-11-23
OK,Jackson,$2.426,2024-11-23
OK,Jefferson,$2.659,2024-11-23
OK,Johnston,$2.565,2024-11-23
OK,Kay,$2.535,2024-11-23
OK,Kingfisher,$2.664,2024-11-23
OK,Kiowa,$2.649,2024-11-23
OK,Latimer,$2.636,2024-11-23
OK,Beaver,$2.887,2024-11-23
OK,Le Flore,$2.753,2024-11-23
OK,Lincoln,$2.797,2024-11-23
OK,Logan,$2.698,2024-11-23
OK,Love,$2.596,2024-11-23
OK,Major,$2.572,2024-11-23
OK,Marshall,$2.530,2024-11-23
OK,Mayes,$2.515,2024-11-23
OK,McClain,$2.628,2024-11-23
OK,McCurtain,$2.674,2024-11-23
OK,McIntosh,$2.565,2024-11-23
OK,Beckham,$2.459,2024-11-23
OK,Murray,$2.566,2024-11-23
OK,Muskogee,$2.453,2024-11-23
OK,Noble,$2.620,2024-11-23
OK,Nowata,$2.583,2024-11-23
OK,Okfuskee,$2.442,2024-11-23
OK,Oklahoma,$2.424,2024-11-23
OK,Okmulgee,$2.504,2024-11-23
OK,Osage,$2.741,2024-11-23
OK,Ottawa,$2.430,2024-11-23
OK,Pawnee,$2.582,2024-11-23
OK,Blaine,$2.699,2024-11-23
OK,Payne,$2.564,2024-11-23
OK,Pittsburg,$2.608,2024-11-23
OK,Pontotoc,$2.625,2024-11-23
OK,Pottawatomie,$2.497,2024-11-23
OK,Pushmataha,$2.864,2024-11-23
OK,Roger Mills,$2.648,2024-11-23
OK,Rogers,$2.619,2024-11-23
OK,Seminole,$2.611,2024-11-23
OK,Sequoyah,$2.702,2024-11-23
OK,Stephens,$2.467,2024-11-23
OK,Bryan,$2.459,2024-11-23
OK,Texas,$2.686,2024-11-23
OK,Tillman,$2.544,2024-11-23
OK,Tulsa,$2.554,2024-11-23
OK,Wagoner,$2.502,2024-11-23
OK,Washington,$2.506,2024-11-23
OK,Washita,$2.551,2024-11-23
OK,Woods,$2.846,2024-11-23
OK,Woodward,$2.490,2024-11-23
OK,Caddo,$2.599,2024-11-23
OK,Canadian,$2.407,2024-11-23
OR,Baker,$3.581,2024-11-23
OR,Douglas,$3.298,2024-11-23
OR,Gilliam,$3.499,2024-11-23
OR,Grant,$3.702,2024-11-23
OR,Harney,$3.799,2024-11-23
OR,Hood River,$3.413,2024-11-23
OR,Jackson,$3.627,2024-11-23
OR,Jefferson,$3.364,2024-11-23
OR,Josephine,$3.747,2024-11-23
OR,Klamath,$3.427,2024-11-23
OR,Lake,$3.565,2024-11-23
OR,Benton,$3.287,2024-11-23
OR,Lane,$3.365,2024-11-23
OR,Lincoln,$3.154,2024-11-23
OR,Linn,$3.326,2024-11-23
OR,Malheur,$3.485,2024-11-23
OR,Marion,$3.416,2024-11-23
OR,Morrow,$3.438,2024-11-23
OR,Multnomah,$3.714,2024-11-23
OR,Polk,$3.426,2024-11-23
OR,Sherman,$3.247,2024-11-23
OR,Tillamook,$3.672,2024-11-23
OR,Clackamas,$3.620,2024-11-23
OR,Umatilla,$3.407,2024-11-23
OR,Union,$3.742,2024-11-23
OR,Wallowa,$3.959,2024-11-23
OR,Wasco,$3.446,2024-11-23
OR,Washington,$3.814,2024-11-23
OR,Wheeler,,2024-11-23
OR,Yamhill,$3.554,2024-11-23
OR,Clatsop,$3.845,2024-11-23
OR,Columbia,$3.819,2024-11-23
OR,Coos,$3.345,2024-11-23
OR,Crook,$3.549,2024-11-23
OR,Curry,$3.815,2024-11-23
OR,Deschutes,$3.315,2024-11-23
PA,Adams,$3.330,2024-11-23
PA,Butler,$3.291,2024-11-23
PA,Cambria,$3.435,2024-11-23
PA,Cameron,$3.199,2024-11-23
PA,Carbon,$3.149,2024-11-23
PA,Centre,$3.395,2024-11-23
PA,Chester,$3.149,2024-11-23
PA,Clarion,$3.376,2024-11-23
PA,Clearfield,$3.405,2024-11-23
PA,Clinton,$3.206,2024-11-23
PA,Columbia,$3.164,2024-11-23
PA,Allegheny,$3.330,2024-11-23
PA,Crawford,$3.391,2024-11-23
PA,Cumberland,$3.241,2024-11-23
PA,Dauphin,$3.186,2024-11-23
PA,Delaware,$3.135,2024-11-23
PA,Elk,$3.263,2024-11-23
PA,Erie,$3.342,2024-11-23
PA,Fayette,$3.304,2024-11-23
PA,Forest,$3.477,2024-11-23
PA,Franklin,$3.311,2024-11-23
PA,Fulton,$3.339,2024-11-23
PA,Armstrong,$3.407,2024-11-23
PA,Greene,$3.395,2024-11-23
PA,Huntingdon,$3.394,2024-11-23
PA,Indiana,$3.412,2024-11-23
PA,Jefferson,$3.348,2024-11-23
PA,Juniata,$3.252,2024-11-23
PA,Lackawanna,$3.271,2024-11-23
PA,Lancaster,$3.197,2024-11-23
PA,Lawrence,$3.229,2024-11-23
PA,Lebanon,$3.210,2024-11-23
PA,Lehigh,$3.131,2024-11-23
PA,Beaver,$3.247,2024-11-23
PA,Luzerne,$3.220,2024-11-23
PA,Lycoming,$3.217,2024-11-23
PA,McKean,$3.696,2024-11-23
PA,Mercer,$3.218,2024-11-23
PA,Mifflin,$3.467,2024-11-23
PA,Monroe,$3.151,2024-11-23
PA,Montgomery,$3.137,2024-11-23
PA,Montour,$3.011,2024-11-23
PA,Northampton,$3.085,2024-11-23
PA,Northumberland,$3.193,2024-11-23
PA,Bedford,$3.339,2024-11-23
PA,Perry,$3.219,2024-11-23
PA,Philadelphia,$3.154,2024-11-23
PA,Pike,$3.296,2024-11-23
PA,Potter,$3.623,2024-11-23
PA,Schuylkill,$3.143,2024-11-23
PA,Snyder,$3.299,2024-11-23
PA,Somerset,$3.376,2024-11-23
PA,Sullivan,$3.366,2024-11-23
PA,Susquehanna,$3.322,2024-11-23
PA,Tioga,$3.366,2024-11-23
PA,Berks,$3.188,2024-11-23
PA,Union,$3.081,2024-11-23
PA,Venango,$3.446,2024-11-23
PA,Warren,$3.755,2024-11-23
PA,Washington,$3.153,2024-11-23
PA,Wayne,$3.291,2024-11-23
PA,Westmoreland,$3.327,2024-11-23
PA,Wyoming,$3.263,2024-11-23
PA,York,$3.381,2024-11-23
PA,Blair,$3.378,2024-11-23
PA,Bradford,$3.354,2024-11-23
PA,Bucks,$3.142,2024-11-23
RI,Bristol,$2.919,2024-11-23
RI,Kent,$2.919,2024-11-23
RI,Newport,$2.955,2024-11-23
RI,Providence,$2.924,2024-11-23
RI,Washington,$3.006,2024-11-23
SC,Abbeville,$2.777,2024-11-23
SC,Charleston,$2.776,2024-11-23
SC,Cherokee,$2.747,2024-11-23
SC,Chester,$2.855,2024-11-23
SC,Chesterfield,$2.705,2024-11-23
SC,Clarendon,$2.941,2024-11-23
SC,Colleton,$2.906,2024-11-23
SC,Darlington,$2.688,2024-11-23
SC,Dillon,$2.792,2024-11-23
SC,Dorchester,$2.754,2024-11-23
SC,Edgefield,$2.799,2024-11-23
SC,Aiken,$2.796,2024-11-23
SC,Fairfield,$2.856,2024-11-23
SC,Florence,$2.696,2024-11-23
SC,Georgetown,$2.766,2024-11-23
SC,Greenville,$2.842,2024-11-23
SC,Greenwood,$2.798,2024-11-23
SC,Hampton,$2.910,2024-11-23
SC,Horry,$2.658,2024-11-23
SC,Jasper,$2.876,2024-11-23
SC,Kershaw,$2.789,2024-11-23
SC,Lancaster,$2.801,2024-11-23
SC,Allendale,$2.979,2024-11-23
SC,Laurens,$2.750,2024-11-23
SC,Lee,$2.918,2024-11-23
SC,Lexington,$2.777,2024-11-23
SC,Marion,$2.733,2024-11-23
SC,Marlboro,$2.777,2024-11-23
SC,McCormick,$2.791,2024-11-23
SC,Newberry,$2.772,2024-11-23
SC,Oconee,$2.843,2024-11-23
SC,Orangeburg,$2.868,2024-11-23
SC,Pickens,$2.727,2024-11-23
SC,Anderson,$2.826,2024-11-23
SC,Richland,$2.820,2024-11-23
SC,Saluda,$2.851,2024-11-23
SC,Spartanburg,$2.830,2024-11-23
SC,Sumter,$2.797,2024-11-23
SC,Union,$2.765,2024-11-23
SC,Williamsburg,$2.818,2024-11-23
SC,York,$2.807,2024-11-23
SC,Bamberg,$2.999,2024-11-23
SC,Barnwell,$2.838,2024-11-23
SC,Beaufort,$2.775,2024-11-23
SC,Berkeley,$2.701,2024-11-23
SC,Calhoun,$2.819,2024-11-23
SD,Aurora,$2.564,2024-11-23
SD,Campbell,$2.669,2024-11-23
SD,Charles Mix,$2.817,2024-11-23
SD,Clark,$3.022,2024-11-23
SD,Clay,$2.939,2024-11-23
SD,Codington,$2.875,2024-11-23
SD,Corson,$2.749,2024-11-23
SD,Custer,$3.185,2024-11-23
SD,Davison,$2.687,2024-11-23
SD,Day,$2.879,2024-11-23
SD,Deuel,$2.849,2024-11-23
SD,Beadle,$2.841,2024-11-23
SD,Dewey,$3.304,2024-11-23
SD,Douglas,$2.999,2024-11-23
SD,Edmunds,$2.842,2024-11-23
SD,Fall River,$3.117,2024-11-23
SD,Faulk,$3.052,2024-11-23
SD,Grant,$2.801,2024-11-23
SD,Gregory,$2.869,2024-11-23
SD,Haakon,$3.084,2024-11-23
SD,Hamlin,$2.761,2024-11-23
SD,Hand,$3.149,2024-11-23
SD,Bennett,$3.099,2024-11-23
SD,Hanson,$2.479,2024-11-23
SD,Harding,$3.199,2024-11-23
SD,Hughes,$2.972,2024-11-23
SD,Hutchinson,$2.710,2024-11-23
SD,Hyde,$3.032,2024-11-23
SD,Jackson,$2.996,2024-11-23
SD,Jerauld,$2.729,2024-11-23
SD,Jones,$2.799,2024-11-23
SD,Kingsbury,$2.762,2024-11-23
SD,Lake,$2.712,2024-11-23
SD,Bon Homme,$2.879,2024-11-23
SD,Lawrence,$3.195,2024-11-23
SD,Lincoln,$2.693,2024-11-23
SD,Lyman,$3.044,2024-11-23
SD,Marshall,$2.999,2024-11-23
SD,McCook,$2.514,2024-11-23
SD,McPherson,$2.859,2024-11-23
SD,Meade,$3.184,2024-11-23
SD,Mellette,$3.029,2024-11-23
SD,Miner,$2.839,2024-11-23
SD,Minnehaha,$2.643,2024-11-23
SD,Brookings,$2.555,2024-11-23
SD,Moody,$2.736,2024-11-23
SD,Pennington,$3.083,2024-11-23
SD,Perkins,$2.949,2024-11-23
SD,Potter,$2.997,2024-11-23
SD,Roberts,$2.834,2024-11-23
SD,Sanborn,$2.799,2024-11-23
SD,Shannon,$3.129,2024-11-23
SD,Spink,$2.847,2024-11-23
SD,Stanley,$3.069,2024-11-23
SD,Sully,$2.719,2024-11-23
SD,Brown,$2.938,2024-11-23
SD,Todd,$2.999,2024-11-23
SD,Tripp,$3.029,2024-11-23
SD,Turner,$2.765,2024-11-23
SD,Union,$2.716,2024-11-23
SD,Walworth,$3.231,2024-11-23
SD,Yankton,$2.961,2024-11-23
SD,Ziebach,$2.979,2024-11-23
SD,Brule,$2.927,2024-11-23
SD,Buffalo,$2.989,2024-11-23
SD,Butte,$3.257,2024-11-23
TN,Anderson,$2.685,2024-11-23
TN,Carter,$2.718,2024-11-23
TN,Cheatham,$2.771,2024-11-23
TN,Chester,$2.870,2024-11-23
TN,Claiborne,$2.679,2024-11-23
TN,Clay,$2.839,2024-11-23
TN,Cocke,$2.649,2024-11-23
TN,Coffee,$2.704,2024-11-23
TN,Crockett,$2.878,2024-11-23
TN,Cumberland,$2.708,2024-11-23
TN,Davidson,$2.784,2024-11-23
TN,Bedford,$2.767,2024-11-23
TN,Decatur,$2.785,2024-11-23
TN,DeKalb,$2.658,2024-11-23
TN,Dickson,$2.711,2024-11-23
TN,Dyer,$2.639,2024-11-23
TN,Fayette,$2.764,2024-11-23
TN,Fentress,$2.729,2024-11-23
TN,Franklin,$2.745,2024-11-23
TN,Gibson,$2.828,2024-11-23
TN,Giles,$2.683,2024-11-23
TN,Grainger,$2.736,2024-11-23
TN,Benton,$2.676,2024-11-23
TN,Greene,$2.583,2024-11-23
TN,Grundy,$2.757,2024-11-23
TN,Hamblen,$2.635,2024-11-23
TN,Hamilton,$2.678,2024-11-23
TN,Hancock,$2.759,2024-11-23
TN,Hardeman,$2.696,2024-11-23
TN,Hardin,$2.667,2024-11-23
TN,Hawkins,$2.644,2024-11-23
TN,Haywood,$2.896,2024-11-23
TN,Henderson,$2.620,2024-11-23
TN,Bledsoe,$2.671,2024-11-23
TN,Henry,$2.556,2024-11-23
TN,Hickman,$2.744,2024-11-23
TN,Houston,$2.899,2024-11-23
TN,Humphreys,$2.647,2024-11-23
TN,Jackson,$2.589,2024-11-23
TN,Jefferson,$2.656,2024-11-23
TN,Johnson,$2.792,2024-11-23
TN,Knox,$2.647,2024-11-23
TN,Lake,$2.732,2024-11-23
TN,Lauderdale,$2.781,2024-11-23
TN,Blount,$2.663,2024-11-23
TN,Lawrence,$2.716,2024-11-23
TN,Lewis,$2.695,2024-11-23
TN,Lincoln,$2.724,2024-11-23
TN,Loudon,$2.654,2024-11-23
TN,Macon,$2.702,2024-11-23
TN,Madison,$2.748,2024-11-23
TN,Marion,$2.727,2024-11-23
TN,Marshall,$2.738,2024-11-23
TN,Maury,$2.677,2024-11-23
TN,McMinn,$2.678,2024-11-23
TN,Bradley,$2.696,2024-11-23
TN,McNairy,$2.710,2024-11-23
TN,Meigs,$2.705,2024-11-23
TN,Monroe,$2.619,2024-11-23
TN,Montgomery,$2.709,2024-11-23
TN,Moore,$2.729,2024-11-23
TN,Morgan,$2.739,2024-11-23
TN,Obion,$2.610,2024-11-23
TN,Overton,$2.810,2024-11-23
TN,Perry,$2.782,2024-11-23
TN,Pickett,$2.799,2024-11-23
TN,Campbell,$2.724,2024-11-23
TN,Polk,$2.762,2024-11-23
TN,Putnam,$2.733,2024-11-23
TN,Rhea,$2.683,2024-11-23
TN,Roane,$2.678,2024-11-23
TN,Robertson,$2.763,2024-11-23
TN,Rutherford,$2.737,2024-11-23
TN,Scott,$2.707,2024-11-23
TN,Sequatchie,$2.763,2024-11-23
TN,Sevier,$2.720,2024-11-23
TN,Shelby,$2.755,2024-11-23
TN,Cannon,$2.793,2024-11-23
TN,Smith,$2.706,2024-11-23
TN,Stewart,$2.823,2024-11-23
TN,Sullivan,$2.707,2024-11-23
TN,Sumner,$2.701,2024-11-23
TN,Tipton,$2.779,2024-11-23
TN,Trousdale,$2.799,2024-11-23
TN,Unicoi,$2.773,2024-11-23
TN,Union,$2.610,2024-11-23
TN,Van Buren,$2.999,2024-11-23
TN,Warren,$2.799,2024-11-23
TN,Carroll,$2.687,2024-11-23
TN,Washington,$2.792,2024-11-23
TN,Wayne,$2.725,2024-11-23
TN,Weakley,$2.730,2024-11-23
TN,White,$2.783,2024-11-23
TN,Williamson,$3.091,2024-11-23
TN,Wilson,$2.715,2024-11-23
TX,Anderson,$2.588,2024-11-23
TX,Bandera,$2.828,2024-11-23
TX,Hardin,$2.565,2024-11-23
TX,Harris,$2.607,2024-11-23
TX,Harrison,$2.762,2024-11-23
TX,Hartley,$2.599,2024-11-23
TX,Haskell,$2.782,2024-11-23
TX,Hays,$2.712,2024-11-23
TX,Hemphill,$2.824,2024-11-23
TX,Henderson,$2.672,2024-11-23
TX,Hidalgo,$2.618,2024-11-23
TX,Hill,$2.616,2024-11-23
TX,Bastrop,$2.666,2024-11-23
TX,Hockley,$2.334,2024-11-23
TX,Hood,$2.701,2024-11-23
TX,Hopkins,$2.833,2024-11-23
TX,Houston,$2.755,2024-11-23
TX,Howard,$2.498,2024-11-23
TX,Hudspeth,$2.939,2024-11-23
TX,Hunt,$2.653,2024-11-23
TX,Hutchinson,$2.552,2024-11-23
TX,Irion,$2.964,2024-11-23
TX,Jack,$2.734,2024-11-23
TX,Baylor,$2.899,2024-11-23
TX,Jackson,$2.766,2024-11-23
TX,Jasper,$2.714,2024-11-23
TX,Jeff Davis,$3.289,2024-11-23
TX,Jefferson,$2.603,2024-11-23
TX,Jim Hogg,$2.864,2024-11-23
TX,Jim Wells,$2.566,2024-11-23
TX,Johnson,$2.651,2024-11-23
TX,Jones,$2.654,2024-11-23
TX,Karnes,$2.722,2024-11-23
TX,Kaufman,$2.658,2024-11-23
TX,Bee,$2.623,2024-11-23
TX,Kendall,$2.713,2024-11-23
TX,Kenedy,,2024-11-23
TX,Kent,,2024-11-23
TX,Kerr,$2.746,2024-11-23
TX,Kimble,$2.717,2024-11-23
TX,King,,2024-11-23
TX,Kinney,$2.669,2024-11-23
TX,Kleberg,$2.655,2024-11-23
TX,Knox,$2.899,2024-11-23
TX,La Salle,$2.725,2024-11-23
TX,Bell,$2.519,2024-11-23
TX,Lamar,$2.628,2024-11-23
TX,Lamb,$2.579,2024-11-23
TX,Lampasas,$2.491,2024-11-23
TX,Lavaca,$2.726,2024-11-23
TX,Lee,$2.734,2024-11-23
TX,Leon,$2.742,2024-11-23
TX,Liberty,$2.609,2024-11-23
TX,Limestone,$2.697,2024-11-23
TX,Lipscomb,$2.769,2024-11-23
TX,Live Oak,$2.876,2024-11-23
TX,Bexar,$2.711,2024-11-23
TX,Llano,$2.711,2024-11-23
TX,Loving,$2.899,2024-11-23
TX,Lubbock,$2.392,2024-11-23
TX,Lynn,$2.499,2024-11-23
TX,Madison,$2.728,2024-11-23
TX,Marion,$2.539,2024-11-23
TX,Martin,$2.978,2024-11-23
TX,Mason,$2.851,2024-11-23
TX,Matagorda,$2.658,2024-11-23
TX,Maverick,$2.687,2024-11-23
TX,Blanco,$2.694,2024-11-23
TX,McCulloch,$2.815,2024-11-23
TX,McLennan,$2.550,2024-11-23
TX,McMullen,$2.899,2024-11-23
TX,Medina,$2.613,2024-11-23
TX,Menard,$2.839,2024-11-23
TX,Midland,$2.609,2024-11-23
TX,Milam,$2.607,2024-11-23
TX,Mills,$2.676,2024-11-23
TX,Mitchell,$2.773,2024-11-23
TX,Montague,$2.680,2024-11-23
TX,Borden,,2024-11-23
TX,Montgomery,$2.593,2024-11-23
TX,Moore,$2.487,2024-11-23
TX,Morris,$2.638,2024-11-23
TX,Motley,$3.099,2024-11-23
TX,Nacogdoches,$2.668,2024-11-23
TX,Navarro,$2.816,2024-11-23
TX,Newton,$2.744,2024-11-23
TX,Nolan,$2.670,2024-11-23
TX,Nueces,$2.629,2024-11-23
TX,Ochiltree,$2.711,2024-11-23
TX,Bosque,$2.733,2024-11-23
TX,Oldham,$2.476,2024-11-23
TX,Orange,$2.570,2024-11-23
TX,Palo Pinto,$2.670,2024-11-23
TX,Panola,$2.552,2024-11-23
TX,Parker,$2.726,2024-11-23
TX,Parmer,$2.625,2024-11-23
TX,Pecos,$2.852,2024-11-23
TX,Polk,$2.675,2024-11-23
TX,Potter,$2.439,2024-11-23
TX,Presidio,$3.142,2024-11-23
TX,Bowie,$2.622,2024-11-23
TX,Rains,$2.630,2024-11-23
TX,Randall,$2.433,2024-11-23
TX,Reagan,$2.699,2024-11-23
TX,Real,$2.806,2024-11-23
TX,Red River,$2.768,2024-11-23
TX,Reeves,$2.852,2024-11-23
TX,Refugio,$2.697,2024-11-23
TX,Roberts,$3.469,2024-11-23
TX,Robertson,$2.596,2024-11-23
TX,Rockwall,$2.679,2024-11-23
TX,Andrews,$2.794,2024-11-23
TX,Brazoria,$2.550,2024-11-23
TX,Runnels,$2.773,2024-11-23
TX,Rusk,$2.716,2024-11-23
TX,Sabine,$2.714,2024-11-23
TX,San Augustine,$2.635,2024-11-23
TX,San Jacinto,$2.721,2024-11-23
TX,San Patricio,$2.691,2024-11-23
TX,San Saba,$2.951,2024-11-23
TX,Schleicher,$2.859,2024-11-23
TX,Scurry,$2.753,2024-11-23
TX,Shackelford,$2.784,2024-11-23
TX,Brazos,$2.651,2024-11-23
TX,Shelby,$2.640,2024-11-23
TX,Sherman,$2.649,2024-11-23
TX,Smith,$2.581,2024-11-23
TX,Somervell,$2.645,2024-11-23
TX,Starr,$2.647,2024-11-23
TX,Stephens,$2.707,2024-11-23
TX,Sterling,$2.859,2024-11-23
TX,Stonewall,$2.799,2024-11-23
TX,Sutton,$2.705,2024-11-23
TX,Swisher,$2.569,2024-11-23
TX,Brewster,$3.211,2024-11-23
TX,Tarrant,$2.691,2024-11-23
TX,Taylor,$2.668,2024-11-23
TX,Terrell,$3.099,2024-11-23
TX,Terry,$2.585,2024-11-23
TX,Throckmorton,$2.899,2024-11-23
TX,Titus,$2.709,2024-11-23
TX,Tom Green,$2.776,2024-11-23
TX,Travis,$2.712,2024-11-23
TX,Trinity,$2.646,2024-11-23
TX,Tyler,$2.712,2024-11-23
TX,Briscoe,$2.759,2024-11-23
TX,Upshur,$2.620,2024-11-23
TX,Upton,$3.063,2024-11-23
TX,Uvalde,$2.756,2024-11-23
TX,Val Verde,$2.684,2024-11-23
TX,Van Zandt,$2.640,2024-11-23
TX,Victoria,$2.546,2024-11-23
TX,Walker,$2.623,2024-11-23
TX,Waller,$2.687,2024-11-23
TX,Ward,$2.714,2024-11-23
TX,Washington,$2.666,2024-11-23
TX,Brooks,$2.529,2024-11-23
TX,Webb,$2.633,2024-11-23
TX,Wharton,$2.624,2024-11-23
TX,Wheeler,$2.592,2024-11-23
TX,Wichita,$2.490,2024-11-23
TX,Wilbarger,$2.553,2024-11-23
TX,Willacy,$2.579,2024-11-23
TX,Williamson,$2.703,2024-11-23
TX,Wilson,$2.696,2024-11-23
TX,Winkler,$2.937,2024-11-23
TX,Wise,$2.682,2024-11-23
TX,Brown,$2.779,2024-11-23
TX,Wood,$2.625,2024-11-23
TX,Yoakum,$2.859,2024-11-23
TX,Young,$2.777,2024-11-23
TX,Zapata,$2.730,2024-11-23
TX,Zavala,$2.955,2024-11-23
TX,Burleson,$2.659,2024-11-23
TX,Burnet,$2.699,2024-11-23
TX,Caldwell,$2.655,2024-11-23
TX,Calhoun,$2.645,2024-11-23
TX,Angelina,$2.662,2024-11-23
TX,Callahan,$2.740,2024-11-23
TX,Cameron,$2.615,2024-11-23
TX,Camp,$2.539,2024-11-23
TX,Carson,$2.501,2024-11-23
TX,Cass,$2.574,2024-11-23
TX,Castro,$2.677,2024-11-23
TX,Chambers,$2.659,2024-11-23
TX,Cherokee,$2.645,2024-11-23
TX,Childress,$2.332,2024-11-23
TX,Clay,$2.706,2024-11-23
TX,Aransas,$2.588,2024-11-23
TX,Cochran,$2.749,2024-11-23
TX,Coke,$2.829,2024-11-23
TX,Coleman,$2.772,2024-11-23
TX,Collin,$2.619,2024-11-23
TX,Collingsworth,$2.639,2024-11-23
TX,Colorado,$2.693,2024-11-23
TX,Comal,$2.676,2024-11-23
TX,Comanche,$2.765,2024-11-23
TX,Concho,$2.864,2024-11-23
TX,Cooke,$2.687,2024-11-23
TX,Archer,$2.713,2024-11-23
TX,Coryell,$2.485,2024-11-23
TX,Cottle,$2.949,2024-11-23
TX,Crane,$2.694,2024-11-23
TX,Crockett,$2.916,2024-11-23
TX,Crosby,$2.633,2024-11-23
TX,Culberson,$3.332,2024-11-23
TX,Dallam,$2.581,2024-11-23
TX,Dallas,$2.714,2024-11-23
TX,Dawson,$2.584,2024-11-23
TX,Deaf Smith,$2.476,2024-11-23
TX,Armstrong,$2.484,2024-11-23
TX,Delta,$2.766,2024-11-23
TX,Denton,$2.655,2024-11-23
TX,De Witt,$2.721,2024-11-23
TX,Dickens,$2.879,2024-11-23
TX,Dimmit,$2.977,2024-11-23
TX,Donley,$2.454,2024-11-23
TX,Duval,$2.676,2024-11-23
TX,Eastland,$2.746,2024-11-23
TX,Ector,$2.577,2024-11-23
TX,Edwards,$3.099,2024-11-23
TX,Atascosa,$2.672,2024-11-23
TX,El Paso,$2.883,2024-11-23
TX,Ellis,$2.673,2024-11-23
TX,Erath,$2.753,2024-11-23
TX,Falls,$2.640,2024-11-23
TX,Fannin,$2.550,2024-11-23
TX,Fayette,$2.790,2024-11-23
TX,Fisher,$2.899,2024-11-23
TX,Floyd,$2.704,2024-11-23
TX,Foard,$2.899,2024-11-23
TX,Fort Bend,$2.568,2024-11-23
TX,Austin,$2.640,2024-11-23
TX,Franklin,$2.662,2024-11-23
TX,Freestone,$2.653,2024-11-23
TX,Frio,$2.731,2024-11-23
TX,Gaines,$2.718,2024-11-23
TX,Galveston,$2.602,2024-11-23
TX,Garza,$2.716,2024-11-23
TX,Gillespie,$2.825,2024-11-23
TX,Glasscock,$3.032,2024-11-23
TX,Goliad,$2.999,2024-11-23
TX,Gonzales,$2.650,2024-11-23
TX,Bailey,$2.717,2024-11-23
TX,Gray,$2.451,2024-11-23
TX,Grayson,$2.637,2024-11-23
TX,Gregg,$2.591,2024-11-23
TX,Grimes,$2.724,2024-11-23
TX,Guadalupe,$2.695,2024-11-23
TX,Hale,$2.313,2024-11-23
TX,Hall,$2.494,2024-11-23
TX,Hamilton,$2.776,2024-11-23
TX,Hansford,$2.716,2024-11-23
TX,Hardeman,$2.779,2024-11-23
UT,Beaver,$3.490,2024-11-23
UT,Grand,$3.543,2024-11-23
UT,Iron,$3.115,2024-11-23
UT,Juab,$3.071,2024-11-23
UT,Kane,$3.409,2024-11-23
UT,Millard,$2.968,2024-11-23
UT,Morgan,$3.174,2024-11-23
UT,Piute,$3.449,2024-11-23
UT,Rich,$3.334,2024-11-23
UT,Salt Lake,$3.059,2024-11-23
UT,San Juan,$3.490,2024-11-23
UT,Box Elder,$2.960,2024-11-23
UT,Sanpete,$3.280,2024-11-23
UT,Sevier,$2.997,2024-11-23
UT,Summit,$3.286,2024-11-23
UT,Tooele,$3.028,2024-11-23
UT,Uintah,$3.185,2024-11-23
UT,Utah,$2.976,2024-11-23
UT,Wasatch,$2.928,2024-11-23
UT,Washington,$3.192,2024-11-23
UT,Wayne,$3.257,2024-11-23
UT,Weber,$3.015,2024-11-23
UT,Cache,$2.978,2024-11-23
UT,Carbon,$2.901,2024-11-23
UT,Daggett,$3.779,2024-11-23
UT,Davis,$3.028,2024-11-23
UT,Duchesne,$3.227,2024-11-23
UT,Emery,$3.180,2024-11-23
UT,Garfield,$3.369,2024-11-23
VA,Accomack,$3.011,2024-11-23
VA,Bath,$3.099,2024-11-23
VA,Powhatan,$2.958,2024-11-23
VA,Prince Edward,$2.958,2024-11-23
VA,Prince George,$2.885,2024-11-23
VA,Prince William,$3.010,2024-11-23
VA,Pulaski,$2.937,2024-11-23
VA,Radford City,$2.886,2024-11-23
VA,Rappahannock,$3.166,2024-11-23
VA,Richmond,$2.959,2024-11-23
VA,Richmond City,$3.021,2024-11-23
VA,Roanoke,$2.887,2024-11-23
VA,Bedford,$2.922,2024-11-23
VA,Roanoke City,$2.874,2024-11-23
VA,Rockbridge,$3.102,2024-11-23
VA,Rockingham,$3.129,2024-11-23
VA,Russell,$2.938,2024-11-23
VA,Salem,$2.942,2024-11-23
VA,Scott,$2.824,2024-11-23
VA,Shenandoah,$3.037,2024-11-23
VA,Smyth,$2.892,2024-11-23
VA,Southampton,$2.790,2024-11-23
VA,Spotsylvania,$2.912,2024-11-23
VA,Bedford City,$2.892,2024-11-23
VA,Stafford,$2.972,2024-11-23
VA,Staunton City,$3.058,2024-11-23
VA,Suffolk City,$2.883,2024-11-23
VA,Surry,$2.986,2024-11-23
VA,Sussex,$2.936,2024-11-23
VA,Tazewell,$2.855,2024-11-23
VA,Virginia Beach City,$2.839,2024-11-23
VA,Warren,$2.860,2024-11-23
VA,Washington,$2.871,2024-11-23
VA,Waynesboro City,$2.964,2024-11-23
VA,Bland,$2.631,2024-11-23
VA,Westmoreland,$2.937,2024-11-23
VA,Williamsburg City,,2024-11-23
VA,Winchester City,$2.899,2024-11-23
VA,Wise,$2.942,2024-11-23
VA,Wythe,$2.738,2024-11-23
VA,York,$2.814,2024-11-23
VA,Botetourt,$2.949,2024-11-23
VA,Bristol,$2.840,2024-11-23
VA,Brunswick,$2.871,2024-11-23
VA,Buchanan,$3.043,2024-11-23
VA,Buckingham,$3.005,2024-11-23
VA,Buena Vista City,$2.974,2024-11-23
VA,Albemarle,$2.955,2024-11-23
VA,Campbell,$2.858,2024-11-23
VA,Caroline,$2.904,2024-11-23
VA,Carroll,$2.851,2024-11-23
VA,Charles City,$3.042,2024-11-23
VA,Charlotte,$3.037,2024-11-23
VA,Charlottesville City,$3.073,2024-11-23
VA,Chesapeake City,$2.851,2024-11-23
VA,Chesterfield,$3.019,2024-11-23
VA,Clarke,$3.031,2024-11-23
VA,Clifton Forge City,$2.984,2024-11-23
VA,Alexandria City,$3.165,2024-11-23
VA,Colonial Heights City,$2.973,2024-11-23
VA,Covington City,$2.971,2024-11-23
VA,Craig,$2.949,2024-11-23
VA,Culpeper,$3.029,2024-11-23
VA,Cumberland,$2.856,2024-11-23
VA,Danville City,$2.836,2024-11-23
VA,Dickenson,$2.947,2024-11-23
VA,Dinwiddie,$2.961,2024-11-23
VA,Emporia City,$3.042,2024-11-23
VA,Essex,$2.831,2024-11-23
VA,Alleghany,$2.959,2024-11-23
VA,Fairfax,$3.126,2024-11-23
VA,Fairfax City,$3.026,2024-11-23
VA,Falls Church City,$3.091,2024-11-23
VA,Fauquier,$3.139,2024-11-23
VA,Floyd,$2.899,2024-11-23
VA,Fluvanna,$3.132,2024-11-23
VA,Franklin,$2.904,2024-11-23
VA,Franklin City,$2.749,2024-11-23
VA,Frederick,$2.881,2024-11-23
VA,Fredericksburg City,$2.994,2024-11-23
VA,Amelia,$2.992,2024-11-23
VA,Galax City,$2.747,2024-11-23
VA,Giles,$2.927,2024-11-23
VA,Gloucester,$2.776,2024-11-23
VA,Goochland,$3.023,2024-11-23
VA,Grayson,$2.902,2024-11-23
VA,Greene,$3.109,2024-11-23
VA,Greensville,$2.912,2024-11-23
VA,Halifax,$3.037,2024-11-23
VA,Hampton City,$2.846,2024-11-23
VA,Hanover,$2.992,2024-11-23
VA,Amherst,$3.020,2024-11-23
VA,Harrisonburg City,$3.103,2024-11-23
VA,Henrico,$3.041,2024-11-23
VA,Henry,$2.873,2024-11-23
VA,Highland,$3.099,2024-11-23
VA,Hopewell City,$2.935,2024-11-23
VA,Isle of Wight,$2.971,2024-11-23
VA,James City,$3.017,2024-11-23
VA,King and Queen,$2.901,2024-11-23
VA,King George,$2.916,2024-11-23
VA,King William,$2.900,2024-11-23
VA,Appomattox,$2.845,2024-11-23
VA,Lancaster,$2.943,2024-11-23
VA,Lee,$2.930,2024-11-23
VA,Lexington City,$3.183,2024-11-23
VA,Loudoun,$3.087,2024-11-23
VA,Louisa,$3.087,2024-11-23
VA,Lunenburg,$2.922,2024-11-23
VA,Lynchburg City,$2.960,2024-11-23
VA,Madison,$3.134,2024-11-23
VA,Manassas City,$3.050,2024-11-23
VA,Manassas Park City,,2024-11-23
VA,Arlington,$3.037,2024-11-23
VA,Martinsville City,$2.834,2024-11-23
VA,Mathews,$2.824,2024-11-23
VA,Mecklenburg,$2.985,2024-11-23
VA,Middlesex,$2.839,2024-11-23
VA,Montgomery,$2.996,2024-11-23
VA,Nelson,$3.014,2024-11-23
VA,New Kent,$2.989,2024-11-23
VA,Newport News City,$2.849,2024-11-23
VA,Norfolk City,$2.871,2024-11-23
VA,Northampton,$3.097,2024-11-23
VA,Augusta,$3.055,2024-11-23
VA,Northumberland,$2.895,2024-11-23
VA,Norton City,$2.892,2024-11-23
VA,Nottoway,$3.007,2024-11-23
VA,Orange,$3.016,2024-11-23
VA,Page,$3.078,2024-11-23
VA,Patrick,$2.878,2024-11-23
VA,Petersburg City,$2.846,2024-11-23
VA,Pittsylvania,$2.910,2024-11-23
VA,Poquoson City,$2.869,2024-11-23
VA,Portsmouth City,$2.882,2024-11-23
VT,Addison,$3.054,2024-11-23
VT,Orleans,$3.195,2024-11-23
VT,Rutland,$3.010,2024-11-23
VT,Washington,$3.213,2024-11-23
VT,Windham,$3.014,2024-11-23
VT,Windsor,$3.050,2024-11-23
VT,Bennington,$2.980,2024-11-23
VT,Caledonia,$3.154,2024-11-23
VT,Chittenden,$3.172,2024-11-23
VT,Essex,$3.102,2024-11-23
VT,Franklin,$3.200,2024-11-23
VT,Grand Isle,$3.213,2024-11-23
VT,Lamoille,$3.224,2024-11-23
VT,Orange,$3.145,2024-11-23
WA,Adams,$4.054,2024-11-23
WA,Ferry,$3.744,2024-11-23
WA,Franklin,$3.679,2024-11-23
WA,Garfield,$3.929,2024-11-23
WA,Grant,$3.996,2024-11-23
WA,Grays Harbor,$4.036,2024-11-23
WA,Island,$3.901,2024-11-23
WA,Jefferson,$4.286,2024-11-23
WA,King,$4.286,2024-11-23
WA,Kitsap,$4.148,2024-11-23
WA,Kittitas,$3.725,2024-11-23
WA,Asotin,$3.502,2024-11-23
WA,Klickitat,$3.851,2024-11-23
WA,Lewis,$3.995,2024-11-23
WA,Lincoln,$3.861,2024-11-23
WA,Mason,$4.075,2024-11-23
WA,Okanogan,$3.866,2024-11-23
WA,Pacific,$4.395,2024-11-23
WA,Pend Oreille,$3.767,2024-11-23
WA,Pierce,$4.020,2024-11-23
WA,San Juan,$4.799,2024-11-23
WA,Skagit,$3.752,2024-11-23
WA,Benton,$3.643,2024-11-23
WA,Skamania,$4.124,2024-11-23
WA,Snohomish,$4.005,2024-11-23
WA,Spokane,$3.632,2024-11-23
WA,Stevens,$3.800,2024-11-23
WA,Thurston,$3.909,2024-11-23
WA,Wahkiakum,$4.599,2024-11-23
WA,Walla Walla,$4.114,2024-11-23
WA,Whatcom,$3.829,2024-11-23
WA,Whitman,$3.965,2024-11-23
WA,Yakima,$3.691,2024-11-23
WA,Chelan,$3.853,2024-11-23
WA,Clallam,$4.012,2024-11-23
WA,Clark,$3.890,2024-11-23
WA,Columbia,$4.389,2024-11-23
WA,Cowlitz,$3.974,2024-11-23
WA,Douglas,$3.746,2024-11-23
WI,Adams,$3.061,2024-11-23
WI,Clark,$2.839,2024-11-23
WI,Columbia,$2.876,2024-11-23
WI,Crawford,$2.946,2024-11-23
WI,Dane,$2.917,2024-11-23
WI,Dodge,$2.896,2024-11-23
WI,Door,$2.975,2024-11-23
WI,Douglas,$2.876,2024-11-23
WI,Dunn,$2.706,2024-11-23
WI,Eau Claire,$2.678,2024-11-23
WI,Florence,$2.929,2024-11-23
WI,Ashland,$2.854,2024-11-23
WI,Fond du Lac,$2.854,2024-11-23
WI,Forest,$2.884,2024-11-23
WI,Grant,$2.942,2024-11-23
WI,Green,$3.003,2024-11-23
WI,Green Lake,$2.910,2024-11-23
WI,Iowa,$2.930,2024-11-23
WI,Iron,$2.907,2024-11-23
WI,Jackson,$2.851,2024-11-23
WI,Jefferson,$2.907,2024-11-23
WI,Juneau,$2.746,2024-11-23
WI,Barron,$2.878,2024-11-23
WI,Kenosha,$2.906,2024-11-23
WI,Kewaunee,$2.949,2024-11-23
WI,La Crosse,$2.766,2024-11-23
WI,Lafayette,$2.997,2024-11-23
WI,Langlade,$2.922,2024-11-23
WI,Lincoln,$2.929,2024-11-23
WI,Manitowoc,$2.853,2024-11-23
WI,Marathon,$2.843,2024-11-23
WI,Marinette,$2.858,2024-11-23
WI,Marquette,$2.941,2024-11-23
WI,Bayfield,$2.877,2024-11-23
WI,Menominee,$2.899,2024-11-23
WI,Milwaukee,$2.834,2024-11-23
WI,Monroe,$2.852,2024-11-23
WI,Oconto,$2.896,2024-11-23
WI,Oneida,$2.852,2024-11-23
WI,Outagamie,$2.917,2024-11-23
WI,Ozaukee,$2.971,2024-11-23
WI,Pepin,$2.692,2024-11-23
WI,Pierce,$2.872,2024-11-23
WI,Polk,$2.855,2024-11-23
WI,Brown,$2.897,2024-11-23
WI,Portage,$2.860,2024-11-23
WI,Price,$2.921,2024-11-23
WI,Racine,$2.862,2024-11-23
WI,Richland,$2.857,2024-11-23
WI,Rock,$2.908,2024-11-23
WI,Rusk,$2.747,2024-11-23
WI,Sauk,$2.784,2024-11-23
WI,Sawyer,$2.938,2024-11-23
WI,Shawano,$2.888,2024-11-23
WI,Sheboygan,$2.850,2024-11-23
WI,Buffalo,$2.679,2024-11-23
WI,Saint Croix,$2.924,2024-11-23
WI,Taylor,$2.843,2024-11-23
WI,Trempealeau,$2.770,2024-11-23
WI,Vernon,$2.858,2024-11-23
WI,Vilas,$2.967,2024-11-23
WI,Walworth,$2.874,2024-11-23
WI,Washburn,$2.851,2024-11-23
WI,Washington,$2.888,2024-11-23
WI,Waukesha,$2.834,2024-11-23
WI,Waupaca,$2.881,2024-11-23
WI,Burnett,$2.815,2024-11-23
WI,Waushara,$2.954,2024-11-23
WI,Winnebago,$2.905,2024-11-23
WI,Wood,$2.805,2024-11-23
WI,Calumet,$2.923,2024-11-23
WI,Chippewa,$2.730,2024-11-23
WV,Barbour,$2.929,2024-11-23
WV,Fayette,$2.900,2024-11-23
WV,Gilmer,$3.149,2024-11-23
WV,Grant,$3.266,2024-11-23
WV,Greenbrier,$2.774,2024-11-23
WV,Hampshire,$3.246,2024-11-23
WV,Hancock,$2.960,2024-11-23
WV,Hardy,$3.249,2024-11-23
WV,Harrison,$3.028,2024-11-23
WV,Jackson,$3.010,2024-11-23
WV,Jefferson,$3.122,2024-11-23
WV,Berkeley,$3.167,2024-11-23
WV,Kanawha,$2.934,2024-11-23
WV,Lewis,$2.835,2024-11-23
WV,Lincoln,$2.823,2024-11-23
WV,Logan,$2.863,2024-11-23
WV,Marion,$2.987,2024-11-23
WV,Marshall,$2.722,2024-11-23
WV,Mason,$2.870,2024-11-23
WV,McDowell,$2.970,2024-11-23
WV,Mercer,$2.963,2024-11-23
WV,Mineral,$2.949,2024-11-23
WV,Boone,$2.817,2024-11-23
WV,Mingo,$2.959,2024-11-23
WV,Monongalia,$3.019,2024-11-23
WV,Monroe,$3.099,2024-11-23
WV,Morgan,$3.195,2024-11-23
WV,Nicholas,$2.989,2024-11-23
WV,Ohio,$2.992,2024-11-23
WV,Pendleton,$3.271,2024-11-23
WV,Pleasants,$2.886,2024-11-23
WV,Pocahontas,$2.968,2024-11-23
WV,Preston,$3.058,2024-11-23
WV,Braxton,$2.824,2024-11-23
WV,Putnam,$2.911,2024-11-23
WV,Raleigh,$2.959,2024-11-23
WV,Randolph,$2.793,2024-11-23
WV,Ritchie,$3.166,2024-11-23
WV,Roane,$3.099,2024-11-23
WV,Summers,$2.922,2024-11-23
WV,Taylor,$2.923,2024-11-23
WV,Tucker,$3.199,2024-11-23
WV,Tyler,$2.774,2024-11-23
WV,Upshur,$2.970,2024-11-23
WV,Brooke,$2.892,2024-11-23
WV,Wayne,$2.920,2024-11-23
WV,Webster,$2.999,2024-11-23
WV,Wetzel,$2.857,2024-11-23
WV,Wirt,$2.799,2024-11-23
WV,Wood,$2.680,2024-11-23
WV,Wyoming,$2.993,2024-11-23
WV,Cabell,$2.760,2024-11-23
WV,Calhoun,$2.921,2024-11-23
WV,Clay,$2.892,2024-11-23
WV,Doddridge,$3.252,2024-11-23
WY,Albany,$2.803,2024-11-23
WY,Johnson,$3.192,2024-11-23
WY,Laramie,$3.014,2024-11-23
WY,Lincoln,$3.283,2024-11-23
WY,Natrona,$2.800,2024-11-23
WY,Niobrara,$3.174,2024-11-23
WY,Park,$3.064,2024-11-23
WY,Platte,$3.430,2024-11-23
WY,Sheridan,$3.052,2024-11-23
WY,Sublette,$3.099,2024-11-23
WY,Sweetwater,$2.928,2024-11-23
WY,Big Horn,$3.144,2024-11-23
WY,Teton,$3.390,2024-11-23
WY,Uinta,$2.888,2024-11-23
WY,Washakie,$3.162,2024-11-23
WY,Weston,$2.879,2024-11-23
WY,Campbell,$2.928,2024-11-23
WY,Carbon,$3.002,2024-11-23
WY,Converse,$2.951,2024-11-23
WY,Crook,$3.008,2024-11-23
WY,Fremont,$3.242,2024-11-23
WY,Goshen,$2.966,2024-11-23
WY,Hot Springs,$3.182,2024-11-23
